{
  "HVIGOR_OHOS_PLUGIN": {
    "MODULES": [
      {
        "MODULE_NAME": "1043bfc77febe75fafec0c4309faccf1",
        "API_TYPE": "stageMode"
      }
    ],
    "NATIVE_COMPILER": "Default",
    "BUILD_MODE": "debug"
  },
  "HVIGOR": {
    "IS_INCREMENTAL": true,
    "IS_DAEMON": true,
    "IS_PARALLEL": true,
    "IS_HVIGORFILE_TYPE_CHECK": false,
    "TASK_TIME": {
      "1043bfc77febe75fafec0c4309faccf1": {
        "init": 416600,
        "CreateModuleInfo": 590300,
        "PreCheckSyscap": 278300,
        "ProcessStartupConfig": 2055100,
        "PreviewProcessResource": 2642100,
        "PreviewCompileResource": 1954074500,
        "PreviewHookCompileResource": 354200,
        "CopyPreviewProfile": 7561800,
        "ReplacePreviewerPage": 2200800,
        "buildPreviewerResource": 158300,
        "PreviewUpdateAssets": 6724400,
        "PreviewArkTS": 13549889000,
        "PreviewBuild": 158500
      },
      "APP": {
        "init": 187100
      }
    },
    "APIS": [
      "getHvigorConfig",
      "getRootNodeDescriptor",
      "getChildNode",
      "getNodeByName",
      "getAllNodes",
      "getRootNode",
      "getNodeName",
      "getStartParams",
      "buildFinished",
      "getNodePath",
      "subNodes",
      "getExtraOption",
      "getExtParam",
      "getExtParams",
      "getProperty",
      "getProperties",
      "getParameter",
      "getProductName",
      "nodesEvaluated",
      "getCommandEntryTask"
    ],
    "CONFIG_PROPERTIES": {},
    "BUILD_ID": "202510231729166830",
    "TOTAL_TIME": 15688863100
  }
}