{"resolveConflictMode":true,"depName2RootPath":{"@ohos/hypium":"D:\\MyApplication\\oh_modules\\.ohpm\\@ohos+hypium@1.0.24\\oh_modules\\@ohos\\hypium","@ohos/hamock":"D:\\MyApplication\\oh_modules\\.ohpm\\@ohos+hamock@1.0.0\\oh_modules\\@ohos\\hamock"},"depName2DepInfo":{"@ohos/hypium":{"dependencyType":"har","isByteCodeHar":false,"pkgRootPath":"D:\\MyApplication\\oh_modules\\.ohpm\\@ohos+hypium@1.0.24\\oh_modules\\@ohos\\hypium","pkgName":"@ohos/hypium","pkgVersion":"1.0.24"},"@ohos/hamock":{"dependencyType":"har","isByteCodeHar":false,"pkgRootPath":"D:\\MyApplication\\oh_modules\\.ohpm\\@ohos+hamock@1.0.0\\oh_modules\\@ohos\\hamock","pkgName":"@ohos/hamock","pkgVersion":"1.0.0"}}}
