{"key": "entry|entry|1.0.0|src/main/ets/View/TodoItem.ts", "val": {"version":3,"file":"TodoItem.ets","sourceRoot":"","sources":["entry/src/main/ets/View/TodoItem.ets"],"names":[],"mappings":";;;;IAkBS,QAAQ,GAAE,QAAQ,EAAE;IAMpB,YAAY,GAAE,MAAM;;AAxB7B,MAAM,OAAO,QAAQ;IACnB,EAAE,EAAE,MAAM,CAAC;IACX,KAAK,EAAE,MAAM,CAAC;IACd,SAAS,EAAE,OAAO,CAAC;IACnB,UAAU,EAAE,MAAM,CAAC;IAEnB,YAAY,KAAK,EAAE,MAAM;QACvB,IAAI,CAAC,EAAE,GAAG,IAAI,IAAI,EAAE,CAAC,OAAO,EAAE,CAAC;QAC/B,IAAI,CAAC,KAAK,GAAG,KAAK,CAAC;QACnB,IAAI,CAAC,SAAS,GAAG,KAAK,CAAC;QACvB,IAAI,CAAC,UAAU,GAAG,IAAI,IAAI,EAAE,CAAC,cAAc,EAAE,CAAC;IAChD,CAAC;CACF;MAKM,KAAK;IAFZ;;;;;uDAGgC;YAC5B,IAAI,QAAQ,CAAC,aAAa,CAAC;YAC3B,IAAI,QAAQ,CAAC,eAAe,CAAC;YAC7B,IAAI,QAAQ,CAAC,QAAQ,CAAC;SACvB;2DAE6B,EAAE;;;KAZjC;;;;;;;;;;;;;;;;;;;;;IAMC,6CAAiB,QAAQ,EAAE,EAIzB;QAJK,QAAQ;;;QAAR,QAAQ,WAAE,QAAQ,EAAE;;;IAM3B,iDAAqB,MAAM,EAAM;QAA1B,YAAY;;;QAAZ,YAAY,WAAE,MAAM;;;IAE3B,OAAO;QACL,IAAI,IAAI,CAAC,YAAY,CAAC,IAAI,EAAE,CAAC,MAAM,GAAG,CAAC,EAAE;YACvC,MAAM,OAAO,GAAG,IAAI,QAAQ,CAAC,IAAI,CAAC,YAAY,CAAC,IAAI,EAAE,CAAC,CAAC;YACvD,IAAI,CAAC,QAAQ,CAAC,IAAI,CAAC,OAAO,CAAC,CAAC;YAC5B,IAAI,CAAC,YAAY,GAAG,EAAE,CAAC;SACxB;IACH,CAAC;IAED,UAAU,CAAC,KAAK,EAAE,MAAM;QACtB,IAAI,CAAC,QAAQ,CAAC,KAAK,CAAC,CAAC,SAAS,GAAG,CAAC,IAAI,CAAC,QAAQ,CAAC,KAAK,CAAC,CAAC,SAAS,CAAC;IACnE,CAAC;IAED,UAAU,CAAC,KAAK,EAAE,MAAM;QACtB,IAAI,CAAC,QAAQ,CAAC,MAAM,CAAC,KAAK,EAAE,CAAC,CAAC,CAAC;IACjC,CAAC;IAED;;YACE,MAAM,QAAC,EAAE,KAAK,EAAE,EAAE,EAAE;;YAApB,MAAM,CA+EL,KAAK,CAAC,MAAM;YA/Eb,MAAM,CAgFL,MAAM,CAAC,MAAM;YAhFd,MAAM,CAiFL,OAAO,CAAC,EAAE;YAjFX,MAAM,CAkFL,eAAe,CAAC,SAAS;;;YAjFxB,IAAI,QAAC,IAAI;;YAAT,IAAI,CACD,QAAQ,CAAC,EAAE;YADd,IAAI,CAED,UAAU,CAAC,UAAU,CAAC,IAAI;YAF7B,IAAI,CAGD,SAAS,CAAC,KAAK,CAAC,KAAK;;QAHxB,IAAI;;YAKJ,GAAG,QAAC,EAAE,KAAK,EAAE,EAAE,EAAE;;YAAjB,GAAG,CAiBF,KAAK,CAAC,MAAM;YAjBb,GAAG,CAkBF,OAAO,CAAC,EAAE;;;YAjBT,SAAS,QAAC;gBACR,WAAW,EAAE,aAAa;gBAC1B,IAAI,EAAE,IAAI,CAAC,YAAY;aACxB;;YAHD,SAAS,CAIN,YAAY,CAAC,CAAC;YAJjB,SAAS,CAKN,QAAQ,CAAC,CAAC,KAAK,EAAE,MAAM,EAAE,EAAE;gBAC1B,IAAI,CAAC,YAAY,GAAG,KAAK,CAAC;YAC5B,CAAC;;;YAEH,MAAM,iBAAC,IAAI;;YAAX,MAAM,CACH,eAAe,CAAC,SAAS;YAD5B,MAAM,CAEH,SAAS,CAAC,KAAK,CAAC,KAAK;YAFxB,MAAM,CAGH,OAAO,CAAC,GAAG,EAAE;gBACZ,IAAI,CAAC,OAAO,EAAE,CAAC;YACjB,CAAC;;QALH,MAAM;QAVR,GAAG;;YAoBH,IAAI,QAAC,EAAE,KAAK,EAAE,EAAE,EAAE;;YAAlB,IAAI,CAsCH,YAAY,CAAC,CAAC;YAtCf,IAAI,CAuCH,KAAK,CAAC,MAAM;;;YAtCX,OAAO;mDAAiC,KAAK,EAAE,MAAM;;;;;;;4BACnD,QAAQ;;;;;;;;;;;4BACN,GAAG,QAAC,EAAE,KAAK,EAAE,EAAE,EAAE;;4BAAjB,GAAG,CA2BF,KAAK,CAAC,MAAM;4BA3Bb,GAAG,CA4BF,OAAO,CAAC,EAAE;4BA5BX,GAAG,CA6BF,eAAe,CAAC,KAAK,CAAC,KAAK;4BA7B5B,GAAG,CA8BF,YAAY,CAAC,CAAC;4BA9Bf,GAAG,CA+BF,MAAM,CAAC,EAAE,MAAM,EAAE,CAAC,EAAE,KAAK,EAAE,WAAW,EAAE,OAAO,EAAE,CAAC,EAAE,OAAO,EAAE,CAAC,EAAE;;;4BA9B/D,KAAK,QAAC,IAAI,CAAC,SAAS,CAAC,CAAC,kCAAI,cAAc;wCACtC,EAAE,sEAAE,CAAC,kCAAI,cAAc;wCACvB,EAAE,qEAAC;;4BAFL,KAAK,CAGF,KAAK,CAAC,EAAE;4BAHX,KAAK,CAIF,MAAM,CAAC,EAAE;4BAJZ,KAAK,CAKF,OAAO,CAAC,GAAG,EAAE;gCACZ,IAAI,CAAC,UAAU,CAAC,KAAK,CAAC,CAAC;4BACzB,CAAC;;;4BAEH,IAAI,QAAC,IAAI,CAAC,KAAK;;4BAAf,IAAI,CACD,QAAQ,CAAC,EAAE;4BADd,IAAI,CAED,UAAU,CAAC;gCACV,IAAI,EAAE,IAAI,CAAC,SAAS,CAAC,CAAC,CAAC,kBAAkB,CAAC,WAAW,CAAC,CAAC,CAAC,kBAAkB,CAAC,IAAI;6BAChF;4BAJH,IAAI,CAKD,SAAS,CAAC,IAAI,CAAC,SAAS,CAAC,CAAC,CAAC,MAAM,CAAC,CAAC,CAAC,MAAM;4BAL7C,IAAI,CAMD,YAAY,CAAC,CAAC;;wBANjB,IAAI;;4BAQJ,MAAM,iBAAC,IAAI;;4BAAX,MAAM,CACH,eAAe,CAAC,KAAK,CAAC,GAAG;4BAD5B,MAAM,CAEH,SAAS,CAAC,KAAK,CAAC,KAAK;4BAFxB,MAAM,CAGH,QAAQ,CAAC,EAAE;4BAHd,MAAM,CAIH,OAAO,CAAC,GAAG,EAAE;gCACZ,IAAI,CAAC,UAAU,CAAC,KAAK,CAAC,CAAC;4BAEnB,CAAC;;wBAPT,MAAM;wBAlBR,GAAG;wBADL,QAAQ;;;oBAAR,QAAQ;;;+CADF,IAAI,CAAC,QAAQ,0BAmClB,CAAC,IAAI,EAAE,QAAQ,EAAE,EAAE,CAAC,IAAI,CAAC,EAAE,CAAC,QAAQ,EAAE;;QAnCzC,OAAO;QADT,IAAI;;YAyCJ,IAAI,QAAC,OAAO,IAAI,CAAC,QAAQ,CAAC,MAAM,WAAW,IAAI,CAAC,QAAQ,CAAC,MAAM,CAAC,IAAI,CAAC,EAAE,CAAC,IAAI,CAAC,SAAS,CAAC,CAAC,MAAM,EAAE;;YAAhG,IAAI,CACD,QAAQ,CAAC,EAAE;YADd,IAAI,CAED,SAAS,CAAC,KAAK,CAAC,KAAK;YAFxB,IAAI,CAGD,MAAM,CAAC,EAAE,GAAG,EAAE,EAAE,EAAE;;QAHrB,IAAI;;YAKJ,MAAM,iBAAC,KAAK;;YAAZ,MAAM,CACH,eAAe,CAAC,KAAK,CAAC,MAAM;YAD/B,MAAM,CAEH,SAAS,CAAC,KAAK,CAAC,KAAK;YAFxB,MAAM,CAGH,MAAM,CAAC,EAAE,GAAG,EAAE,EAAE,EAAE;;QAHrB,MAAM;QAxER,MAAM;KAmFP","entry-package-info":"entry|1.0.0"}}
{"key": "entry|entry|1.0.0|.preview/fakeuiability/FakeUIAbility.ts", "val": {"version":3,"file":"FakeUIAbility.ets","sourceRoot":"","sources":["entry/.preview/fakeuiability/FakeUIAbility.ets"],"names":[],"mappings":"YAAQ,eAAe;OAAE,SAAS;YAAE,IAAI;OAChC,KAAK;YACL,MAAM;AAEd,MAAM,MAAM,GAAG,MAAM,CAAC;AAEtB,MAAM,CAAC,OAAO,OAAO,aAAc,SAAQ,SAAS;IAChD,QAAQ,CAAC,IAAI,EAAE,IAAI,EAAE,WAAW,EAAE,eAAe,CAAC,WAAW,GAAG,IAAI;IACtE,CAAC;IAED,SAAS,IAAI,IAAI;IACjB,CAAC;IAED,mBAAmB,CAAC,WAAW,EAAE,MAAM,CAAC,WAAW,GAAG,IAAI;QACxD,WAAW,CAAC,WAAW,CAAC,eAAe,EAAE,CAAC,GAAG,EAAE,EAAE;YAC/C,IAAI,GAAG,CAAC,IAAI,EAAE;gBACZ,KAAK,CAAC,KAAK,CAAC,MAAM,EAAE,SAAS,EAAE,+CAA+C,EAAE,IAAI,CAAC,SAAS,CAAC,GAAG,CAAC,CAAC,CAAC;gBACrG,OAAO;aACR;QACH,CAAC,CAAC,CAAC;IACL,CAAC;IAED,oBAAoB,IAAI,IAAI;IAC5B,CAAC;IAED,YAAY,IAAI,IAAI;IACpB,CAAC;IAED,YAAY,IAAI,IAAI;IACpB,CAAC;CACF","entry-package-info":"entry|1.0.0"}}
{"key": "entry|entry|1.0.0|src/main/ets/entryability/EntryAbility.ts", "val": {"version":3,"file":"EntryAbility.ets","sourceRoot":"","sources":["entry/src/main/ets/entryability/EntryAbility.ets"],"names":[],"mappings":"YAAS,eAAe;OAAE,qBAAqB;OAAE,SAAS;YAAE,IAAI;OACvD,KAAK;YACL,MAAM;AAEf,MAAM,MAAM,GAAG,MAAM,CAAC;AAEtB,MAAM,CAAC,OAAO,OAAO,YAAa,SAAQ,SAAS;IACjD,QAAQ,CAAC,IAAI,EAAE,IAAI,EAAE,WAAW,EAAE,eAAe,CAAC,WAAW,GAAG,IAAI;QAClE,IAAI;YACF,IAAI,CAAC,OAAO,CAAC,qBAAqB,EAAE,CAAC,YAAY,CAAC,qBAAqB,CAAC,SAAS,CAAC,kBAAkB,CAAC,CAAC;SACvG;QAAC,OAAO,GAAG,EAAE;YACZ,KAAK,CAAC,KAAK,CAAC,MAAM,EAAE,SAAS,EAAE,4CAA4C,EAAE,IAAI,CAAC,SAAS,CAAC,GAAG,CAAC,CAAC,CAAC;SACnG;QACD,KAAK,CAAC,IAAI,CAAC,MAAM,EAAE,SAAS,EAAE,YAAY,EAAE,kBAAkB,CAAC,CAAC;IAClE,CAAC;IAED,SAAS,IAAI,IAAI;QACf,KAAK,CAAC,IAAI,CAAC,MAAM,EAAE,SAAS,EAAE,YAAY,EAAE,mBAAmB,CAAC,CAAC;IACnE,CAAC;IAED,mBAAmB,CAAC,WAAW,EAAE,MAAM,CAAC,WAAW,GAAG,IAAI;QACxD,yDAAyD;QACzD,KAAK,CAAC,IAAI,CAAC,MAAM,EAAE,SAAS,EAAE,YAAY,EAAE,6BAA6B,CAAC,CAAC;QAE3E,WAAW,CAAC,WAAW,CAAC,aAAa,EAAE,CAAC,GAAG,EAAE,EAAE;YAC7C,IAAI,GAAG,CAAC,IAAI,EAAE;gBACZ,KAAK,CAAC,KAAK,CAAC,MAAM,EAAE,SAAS,EAAE,+CAA+C,EAAE,IAAI,CAAC,SAAS,CAAC,GAAG,CAAC,CAAC,CAAC;gBACrG,OAAO;aACR;YACD,KAAK,CAAC,IAAI,CAAC,MAAM,EAAE,SAAS,EAAE,mCAAmC,CAAC,CAAC;QACrE,CAAC,CAAC,CAAC;IACL,CAAC;IAED,oBAAoB,IAAI,IAAI;QAC1B,yDAAyD;QACzD,KAAK,CAAC,IAAI,CAAC,MAAM,EAAE,SAAS,EAAE,YAAY,EAAE,8BAA8B,CAAC,CAAC;IAC9E,CAAC;IAED,YAAY,IAAI,IAAI;QAClB,oCAAoC;QACpC,KAAK,CAAC,IAAI,CAAC,MAAM,EAAE,SAAS,EAAE,YAAY,EAAE,sBAAsB,CAAC,CAAC;IACtE,CAAC;IAED,YAAY,IAAI,IAAI;QAClB,iCAAiC;QACjC,KAAK,CAAC,IAAI,CAAC,MAAM,EAAE,SAAS,EAAE,YAAY,EAAE,sBAAsB,CAAC,CAAC;IACtE,CAAC;CACF","entry-package-info":"entry|1.0.0"}}
{"key": "entry|entry|1.0.0|src/main/ets/entrybackupability/EntryBackupAbility.ts", "val": {"version":3,"file":"EntryBackupAbility.ets","sourceRoot":"","sources":["entry/src/main/ets/entrybackupability/EntryBackupAbility.ets"],"names":[],"mappings":"OAAS,KAAK;OACL,sBAAsB;cAAE,aAAa,IAAb,aAAa;AAE9C,MAAM,MAAM,GAAG,MAAM,CAAC;AAEtB,MAAM,CAAC,OAAO,OAAO,kBAAmB,SAAQ,sBAAsB;IACpE,KAAK,CAAC,QAAQ;QACZ,KAAK,CAAC,IAAI,CAAC,MAAM,EAAE,SAAS,EAAE,aAAa,CAAC,CAAC;QAC7C,MAAM,OAAO,CAAC,OAAO,EAAE,CAAC;IAC1B,CAAC;IAED,KAAK,CAAC,SAAS,CAAC,aAAa,EAAE,aAAa;QAC1C,KAAK,CAAC,IAAI,CAAC,MAAM,EAAE,SAAS,EAAE,yBAAyB,EAAE,IAAI,CAAC,SAAS,CAAC,aAAa,CAAC,CAAC,CAAC;QACxF,MAAM,OAAO,CAAC,OAAO,EAAE,CAAC;IAC1B,CAAC;CACF","entry-package-info":"entry|1.0.0"}}