{"deviceType":"phone","buildMode":"debug","note":"false","logLevel":"3","isPreview":"true","port":"29900","localPropertiesPath":"D:\\MyApplication\\local.properties","Path":"F:\\devecostudio-windows-6.0.0.858\\DevEco Studio\\tools\\node\\","aceProfilePath":"D:\\MyApplication\\entry\\.preview\\default\\intermediates\\res\\default\\resources\\base\\profile","hapMode":"false","img2bin":"true","projectProfilePath":"D:\\MyApplication\\build-profile.json5","watchMode":"true","appResource":"D:\\MyApplication\\entry\\.preview\\default\\intermediates\\res\\default\\ResourceTable.txt","aceBuildJson":"D:\\MyApplication\\entry\\.preview\\default\\intermediates\\loader\\default\\loader.json","aceModuleRoot":"D:\\MyApplication\\entry\\src\\main\\ets","aceSoPath":"D:\\MyApplication\\entry\\.preview\\cache\\nativeDependencies.txt","cachePath":"D:\\MyApplication\\entry\\.preview\\cache\\.default","aceModuleBuild":"D:\\MyApplication\\entry\\.preview\\default\\intermediates\\assets\\default\\ets","aceModuleJsonPath":"D:\\MyApplication\\entry\\.preview\\default\\intermediates\\res\\default\\module.json","stageRouterConfig":{"paths":["D:\\MyApplication\\entry\\.preview\\default\\intermediates\\res\\default\\module.json","D:\\MyApplication\\entry\\.preview\\default\\intermediates\\res\\default\\resources\\base\\profile\\main_pages.json"],"contents":["{\"module\":{\"pages\":\"$profile:main_pages\",\"name\":\"entry\"}}","{\"src\":[\"View/TodoItem\"]}"]}}