{"D:\\MyApplication\\AppScope\\app.json5":{"hashValue":"2613c2739ef81a47a94a0737f5342508","name":"app.json5","path":"D:\\MyApplication\\AppScope\\app.json5","type":"file","isSymbolicLink":false,"fileMetaData":{"size":225,"lastModifiedTime":1759239102872}},"D:\\MyApplication\\entry\\src\\main\\module.json5":{"hashValue":"5f3738f0573fc8e679c559224c549768","name":"module.json5","path":"D:\\MyApplication\\entry\\src\\main\\module.json5","type":"file","isSymbolicLink":false,"fileMetaData":{"size":1313,"lastModifiedTime":1759239102853}},"D:\\MyApplication\\build-profile.json5":{"hashValue":"c213197971399d0e4375a0133b366a40","name":"build-profile.json5","path":"D:\\MyApplication\\build-profile.json5","type":"file","isSymbolicLink":false,"fileMetaData":{"size":798,"lastModifiedTime":1759239102882}},"D:\\MyApplication\\entry\\build-profile.json5":{"hashValue":"e11c972901d69b90277f1db2c5d2ff42","name":"build-profile.json5","path":"D:\\MyApplication\\entry\\build-profile.json5","type":"file","isSymbolicLink":false,"fileMetaData":{"size":540,"lastModifiedTime":1759239102860}},"D:\\MyApplication\\entry\\src\\main\\resources\\base\\profile\\main_pages.json":{"hashValue":"db2f4a269e8a654451a1a35065bf4c00","name":"main_pages.json","path":"D:\\MyApplication\\entry\\src\\main\\resources\\base\\profile\\main_pages.json","type":"file","isSymbolicLink":false,"fileMetaData":{"size":37,"lastModifiedTime":1759239091036}},"D:\\MyApplication\\hvigor\\hvigor-config.json5":{"hashValue":"f07ff286b0dfde3b35d990385017ab26","name":"hvigor-config.json5","path":"D:\\MyApplication\\hvigor\\hvigor-config.json5","type":"file","isSymbolicLink":false,"fileMetaData":{"size":1481,"lastModifiedTime":1759239090508}},"D:\\MyApplication\\entry\\src\\mock\\mock-config.json5":{"hashValue":"3234c43464a033dcbea9b3ca48e28c44","name":"mock-config.json5","path":"D:\\MyApplication\\entry\\src\\mock\\mock-config.json5","type":"file","isSymbolicLink":false,"fileMetaData":{"size":3,"lastModifiedTime":1759239090857}},"D:\\MyApplication\\entry\\oh-package.json5":{"hashValue":"b66a154c64f94a72d3e4e824b7661a7b","name":"oh-package.json5","path":"D:\\MyApplication\\entry\\oh-package.json5","type":"file","isSymbolicLink":false,"fileMetaData":{"size":183,"lastModifiedTime":1759239090662}},"D:\\MyApplication\\oh-package.json5":{"hashValue":"3e0192219cd72de15002da6677859283","name":"oh-package.json5","path":"D:\\MyApplication\\oh-package.json5","type":"file","isSymbolicLink":false,"fileMetaData":{"size":210,"lastModifiedTime":1759239102848}},"D:\\MyApplication\\entry\\.preview\\default\\intermediates\\merge_profile\\default\\module.json":{"hashValue":"f748b6967ee3f853cc8e1dcbcf19fb83","name":"module.json","path":"D:\\MyApplication\\entry\\.preview\\default\\intermediates\\merge_profile\\default\\module.json","type":"file","isSymbolicLink":false,"fileMetaData":{"size":1620,"lastModifiedTime":1759667194851}},"D:\\MyApplication\\entry\\.preview\\default\\generated\\profile\\default\\BuildProfile.ets":{"hashValue":"ea54dc438ed65d3f0bd8020a79509e10","name":"BuildProfile.ets","path":"D:\\MyApplication\\entry\\.preview\\default\\generated\\profile\\default\\BuildProfile.ets","type":"file","isSymbolicLink":false,"fileMetaData":{"size":868,"lastModifiedTime":1759667194854}},"D:\\MyApplication\\entry\\.preview\\default\\intermediates\\loader\\default\\pkgContextInfo.json":{"hashValue":"cd7c34a9a26b0002afa9f6e9affc3233","name":"pkgContextInfo.json","path":"D:\\MyApplication\\entry\\.preview\\default\\intermediates\\loader\\default\\pkgContextInfo.json","type":"file","isSymbolicLink":false,"fileMetaData":{"size":444,"lastModifiedTime":1759667194864}},"D:\\MyApplication\\entry\\.preview\\default\\intermediates\\process_profile\\default\\module.json":{"hashValue":"f72008652a78e06bc4ab1b333ed1e708","name":"module.json","path":"D:\\MyApplication\\entry\\.preview\\default\\intermediates\\process_profile\\default\\module.json","type":"file","isSymbolicLink":false,"fileMetaData":{"size":1887,"lastModifiedTime":1759825498994}},"D:\\MyApplication\\entry\\.preview\\default\\intermediates\\router_map\\default\\temp-router-map.json":{"hashValue":"b48bcb981eb44b04a78da1afa6ac19c0","name":"temp-router-map.json","path":"D:\\MyApplication\\entry\\.preview\\default\\intermediates\\router_map\\default\\temp-router-map.json","type":"file","isSymbolicLink":false,"fileMetaData":{"size":16,"lastModifiedTime":1759667194999}},"D:\\MyApplication\\entry\\.preview\\default\\intermediates\\router_map\\default\\loader-router-map.json":{"hashValue":"b343c2a2d7ae2562d61c903460fb62ff","name":"loader-router-map.json","path":"D:\\MyApplication\\entry\\.preview\\default\\intermediates\\router_map\\default\\loader-router-map.json","type":"file","isSymbolicLink":false,"fileMetaData":{"size":16,"lastModifiedTime":1759667195000}},"D:\\MyApplication\\entry\\.preview\\default\\intermediates\\share_config\\default\\temp-share-config.json":{"hashValue":"1eab6ea8becd9e73b576b62eff747455","name":"temp-share-config.json","path":"D:\\MyApplication\\entry\\.preview\\default\\intermediates\\share_config\\default\\temp-share-config.json","type":"file","isSymbolicLink":false,"fileMetaData":{"size":27,"lastModifiedTime":1759667195003}},"D:\\MyApplication\\entry\\.preview\\default\\intermediates\\loader\\default\\loader.json":{"hashValue":"28e5e30b4489227e96bbb29f6c587b49","name":"loader.json","path":"D:\\MyApplication\\entry\\.preview\\default\\intermediates\\loader\\default\\loader.json","type":"file","isSymbolicLink":false,"fileMetaData":{"size":763,"lastModifiedTime":1759667195025}},"D:\\MyApplication\\entry\\src\\main\\resources":{"hashValue":"bc358117e5fd625e5a0cef4a82f40c57","name":"resources","path":"D:\\MyApplication\\entry\\src\\main\\resources","type":"directory","isSymbolicLink":false,"children":[{"hashValue":"21da6d7eba3963ae0858682de8f08d8a","name":"base","path":"D:\\MyApplication\\entry\\src\\main\\resources\\base","type":"directory","isSymbolicLink":false,"children":[{"hashValue":"937c406419262a19ef9c5949477e4fbf","name":"element","path":"D:\\MyApplication\\entry\\src\\main\\resources\\base\\element","type":"directory","isSymbolicLink":false,"children":[{"hashValue":"3f8c7fb940f71996770f8a12c6bb0e85","name":"color.json","path":"D:\\MyApplication\\entry\\src\\main\\resources\\base\\element\\color.json","type":"file","isSymbolicLink":false,"fileMetaData":{"size":105,"lastModifiedTime":1759239090888}},{"hashValue":"a3a1ab6fe3ce837e0a8bf966d42619ca","name":"float.json","path":"D:\\MyApplication\\entry\\src\\main\\resources\\base\\element\\float.json","type":"file","isSymbolicLink":false,"fileMetaData":{"size":100,"lastModifiedTime":1759239090907}},{"hashValue":"88926330476c5bf48d2609e964b77b81","name":"string.json","path":"D:\\MyApplication\\entry\\src\\main\\resources\\base\\element\\string.json","type":"file","isSymbolicLink":false,"fileMetaData":{"size":247,"lastModifiedTime":1759239102866}}]},{"hashValue":"a298fbb49701dad6c6d3c975d3fe80f0","name":"media","path":"D:\\MyApplication\\entry\\src\\main\\resources\\base\\media","type":"directory","isSymbolicLink":false,"children":[{"hashValue":"d9aaccfafd2ac383505807b4abe28498","name":"background.png","path":"D:\\MyApplication\\entry\\src\\main\\resources\\base\\media\\background.png","type":"file","isSymbolicLink":false,"fileMetaData":{"size":91942,"lastModifiedTime":1759239090921}},{"hashValue":"e7e1a2517995afbc67b34128d65fec8d","name":"foreground.png","path":"D:\\MyApplication\\entry\\src\\main\\resources\\base\\media\\foreground.png","type":"file","isSymbolicLink":false,"fileMetaData":{"size":8805,"lastModifiedTime":1759239090931}},{"hashValue":"7bf6e096ffff9adba6208bd55a9b1879","name":"layered_image.json","path":"D:\\MyApplication\\entry\\src\\main\\resources\\base\\media\\layered_image.json","type":"file","isSymbolicLink":false,"fileMetaData":{"size":109,"lastModifiedTime":1759239090941}},{"hashValue":"a04a0faab4b51e0a5dd8555432305866","name":"no.png","path":"D:\\MyApplication\\entry\\src\\main\\resources\\base\\media\\no.png","type":"file","isSymbolicLink":false,"fileMetaData":{"size":7071,"lastModifiedTime":1759831973710}},{"hashValue":"2d3fbaf970a53c470e2b4f89dba5ec82","name":"ok.png","path":"D:\\MyApplication\\entry\\src\\main\\resources\\base\\media\\ok.png","type":"file","isSymbolicLink":false,"fileMetaData":{"size":4956,"lastModifiedTime":1759831936393}},{"hashValue":"ff9d6e3ce17045d642cd3d89c4efad8e","name":"startIcon.png","path":"D:\\MyApplication\\entry\\src\\main\\resources\\base\\media\\startIcon.png","type":"file","isSymbolicLink":false,"fileMetaData":{"size":20093,"lastModifiedTime":1759239090960}}]},{"hashValue":"22aad7fcbcb836db6eb45fa38698c6d9","name":"profile","path":"D:\\MyApplication\\entry\\src\\main\\resources\\base\\profile","type":"directory","isSymbolicLink":false,"children":[{"hashValue":"6367142b0acaec21d749c9dceea3e918","name":"backup_config.json","path":"D:\\MyApplication\\entry\\src\\main\\resources\\base\\profile\\backup_config.json","type":"file","isSymbolicLink":false,"fileMetaData":{"size":36,"lastModifiedTime":1759239091241}},{"hashValue":"db2f4a269e8a654451a1a35065bf4c00","name":"main_pages.json","path":"D:\\MyApplication\\entry\\src\\main\\resources\\base\\profile\\main_pages.json","type":"file","isSymbolicLink":false,"fileMetaData":{"size":37,"lastModifiedTime":1759239091036}}]}]},{"hashValue":"fe7fce8b1bd235ef4cd547a5ac22eca8","name":"dark","path":"D:\\MyApplication\\entry\\src\\main\\resources\\dark","type":"directory","isSymbolicLink":false,"children":[{"hashValue":"37963b87c21c5b42e826f2a439a297b6","name":"element","path":"D:\\MyApplication\\entry\\src\\main\\resources\\dark\\element","type":"directory","isSymbolicLink":false,"children":[{"hashValue":"e663f730c82519a0c79afd50b642bc69","name":"color.json","path":"D:\\MyApplication\\entry\\src\\main\\resources\\dark\\element\\color.json","type":"file","isSymbolicLink":false,"fileMetaData":{"size":105,"lastModifiedTime":1759239091201}}]}]},{"hashValue":"","name":"rawfile","path":"D:\\MyApplication\\entry\\src\\main\\resources\\rawfile","type":"directory","isSymbolicLink":false,"children":[]}]},"D:\\MyApplication\\entry\\.preview\\default\\intermediates\\res\\default":{"hashValue":"d9772118fff28a3b2f046b07323e6d94","name":"default","path":"D:\\MyApplication\\entry\\.preview\\default\\intermediates\\res\\default","type":"directory","isSymbolicLink":false,"children":[{"hashValue":"b6bea1061fdbc2bf10af0fd888afcd4f","name":"app_compiled","path":"D:\\MyApplication\\entry\\.preview\\default\\intermediates\\res\\default\\app_compiled","type":"directory","isSymbolicLink":false,"children":[{"hashValue":"63aeaef1643280e66a69504d25c1c0d6","name":"11014667931528233067","path":"D:\\MyApplication\\entry\\.preview\\default\\intermediates\\res\\default\\app_compiled\\11014667931528233067","type":"file","isSymbolicLink":false,"fileMetaData":{"size":164,"lastModifiedTime":1761211758604}},{"hashValue":"8337eb9de64de0b2dab9f155db057a58","name":"7688995114987280881","path":"D:\\MyApplication\\entry\\.preview\\default\\intermediates\\res\\default\\app_compiled\\7688995114987280881","type":"file","isSymbolicLink":false,"fileMetaData":{"size":109,"lastModifiedTime":1761211758603}},{"hashValue":"260187d4ab180b22c7317a71bf873f9a","name":"827657426586427492","path":"D:\\MyApplication\\entry\\.preview\\default\\intermediates\\res\\default\\app_compiled\\827657426586427492","type":"file","isSymbolicLink":false,"fileMetaData":{"size":164,"lastModifiedTime":1761211758605}},{"hashValue":"9d2085b81f45739772b489b2091fa224","name":"9591724212674171749","path":"D:\\MyApplication\\entry\\.preview\\default\\intermediates\\res\\default\\app_compiled\\9591724212674171749","type":"file","isSymbolicLink":false,"fileMetaData":{"size":176,"lastModifiedTime":1761211758605}}]},{"hashValue":"713f3950e7b166e1b3d7b72ef6a09591","name":"ids_map","path":"D:\\MyApplication\\entry\\.preview\\default\\intermediates\\res\\default\\ids_map","type":"directory","isSymbolicLink":false,"children":[{"hashValue":"ff91a5f59f697f7b71553d1181beb493","name":"id_defined.json","path":"D:\\MyApplication\\entry\\.preview\\default\\intermediates\\res\\default\\ids_map\\id_defined.json","type":"file","isSymbolicLink":false,"fileMetaData":{"size":1084,"lastModifiedTime":1761211758787}}]},{"hashValue":"ff2fcd93058ad3f1346e8f8af326ce6a","name":"mock-config.json","path":"D:\\MyApplication\\entry\\.preview\\default\\intermediates\\res\\default\\mock-config.json","type":"file","isSymbolicLink":false,"fileMetaData":{"size":2,"lastModifiedTime":1759667199690}},{"hashValue":"e77b17f9db3594b2c9bc41f89428b8c2","name":"module_compiled","path":"D:\\MyApplication\\entry\\.preview\\default\\intermediates\\res\\default\\module_compiled","type":"directory","isSymbolicLink":false,"children":[{"hashValue":"d6efca5d915c12f1217a76d8aeb855b3","name":"10295153001907347168","path":"D:\\MyApplication\\entry\\.preview\\default\\intermediates\\res\\default\\module_compiled\\10295153001907347168","type":"file","isSymbolicLink":false,"fileMetaData":{"size":173,"lastModifiedTime":1761211758675}},{"hashValue":"541184f4e52cc50f2b29b5a950f81630","name":"11850043992037341467","path":"D:\\MyApplication\\entry\\.preview\\default\\intermediates\\res\\default\\module_compiled\\11850043992037341467","type":"file","isSymbolicLink":false,"fileMetaData":{"size":152,"lastModifiedTime":1761211758675}},{"hashValue":"6fa72ce12361040247f13ace067ddbcb","name":"12813016373017991182","path":"D:\\MyApplication\\entry\\.preview\\default\\intermediates\\res\\default\\module_compiled\\12813016373017991182","type":"file","isSymbolicLink":false,"fileMetaData":{"size":176,"lastModifiedTime":1761211758673}},{"hashValue":"59f16654bf0b9e472cd0b36452353243","name":"13378598789690867414","path":"D:\\MyApplication\\entry\\.preview\\default\\intermediates\\res\\default\\module_compiled\\13378598789690867414","type":"file","isSymbolicLink":false,"fileMetaData":{"size":176,"lastModifiedTime":1761211758673}},{"hashValue":"feaf4203e660a70e689f4054319159e4","name":"13736452547019486666","path":"D:\\MyApplication\\entry\\.preview\\default\\intermediates\\res\\default\\module_compiled\\13736452547019486666","type":"file","isSymbolicLink":false,"fileMetaData":{"size":362,"lastModifiedTime":1761211758672}},{"hashValue":"ce3dc6894722f5d9122e0054e261399f","name":"4096095891224304061","path":"D:\\MyApplication\\entry\\.preview\\default\\intermediates\\res\\default\\module_compiled\\4096095891224304061","type":"file","isSymbolicLink":false,"fileMetaData":{"size":183,"lastModifiedTime":1761211758677}},{"hashValue":"d198651bdd56f6ac6ac57ceb7de2a762","name":"4213869856999623117","path":"D:\\MyApplication\\entry\\.preview\\default\\intermediates\\res\\default\\module_compiled\\4213869856999623117","type":"file","isSymbolicLink":false,"fileMetaData":{"size":116,"lastModifiedTime":1761211758668}},{"hashValue":"5d7cb236af32577bc59522ba60ffd063","name":"5343638185924929924","path":"D:\\MyApplication\\entry\\.preview\\default\\intermediates\\res\\default\\module_compiled\\5343638185924929924","type":"file","isSymbolicLink":false,"fileMetaData":{"size":131,"lastModifiedTime":1761211758682}},{"hashValue":"7bf9e25dd3a5873d71628e80bb08e1a3","name":"5913450841818263427","path":"D:\\MyApplication\\entry\\.preview\\default\\intermediates\\res\\default\\module_compiled\\5913450841818263427","type":"file","isSymbolicLink":false,"fileMetaData":{"size":152,"lastModifiedTime":1761211758674}},{"hashValue":"d32f84c1db5cdaf0fb7f0d60f5a4a8a5","name":"7672721473642144196","path":"D:\\MyApplication\\entry\\.preview\\default\\intermediates\\res\\default\\module_compiled\\7672721473642144196","type":"file","isSymbolicLink":false,"fileMetaData":{"size":188,"lastModifiedTime":1761211758674}},{"hashValue":"cda0f969d83272bce30efd136bd24588","name":"7950468003637794769","path":"D:\\MyApplication\\entry\\.preview\\default\\intermediates\\res\\default\\module_compiled\\7950468003637794769","type":"file","isSymbolicLink":false,"fileMetaData":{"size":123,"lastModifiedTime":1761211758663}},{"hashValue":"8863a9f558ce8aaefa3b1c941f08fd30","name":"9189871785378199616","path":"D:\\MyApplication\\entry\\.preview\\default\\intermediates\\res\\default\\module_compiled\\9189871785378199616","type":"file","isSymbolicLink":false,"fileMetaData":{"size":192,"lastModifiedTime":1761211758676}}]},{"hashValue":"09af1a63bdf6fbbfb29ef707255fe4a2","name":"module.json","path":"D:\\MyApplication\\entry\\.preview\\default\\intermediates\\res\\default\\module.json","type":"file","isSymbolicLink":false,"fileMetaData":{"size":1949,"lastModifiedTime":1761211758844}},{"hashValue":"c18afe73f22fee40ac9582b67b38d431","name":"resources","path":"D:\\MyApplication\\entry\\.preview\\default\\intermediates\\res\\default\\resources","type":"directory","isSymbolicLink":false,"children":[{"hashValue":"4120df9d7e44525ce14ebcb8287259b5","name":"base","path":"D:\\MyApplication\\entry\\.preview\\default\\intermediates\\res\\default\\resources\\base","type":"directory","isSymbolicLink":false,"children":[{"hashValue":"ba73c13c5bae8bb094a413bb5c34402b","name":"media","path":"D:\\MyApplication\\entry\\.preview\\default\\intermediates\\res\\default\\resources\\base\\media","type":"directory","isSymbolicLink":false,"children":[{"hashValue":"3d4524168330f96b04f6b4665f88c84c","name":"layered_image.json","path":"D:\\MyApplication\\entry\\.preview\\default\\intermediates\\res\\default\\resources\\base\\media\\layered_image.json","type":"file","isSymbolicLink":false,"fileMetaData":{"size":95,"lastModifiedTime":1761211758781}}]},{"hashValue":"e75f0eb706d90fc2421a6b57ee60cb75","name":"profile","path":"D:\\MyApplication\\entry\\.preview\\default\\intermediates\\res\\default\\resources\\base\\profile","type":"directory","isSymbolicLink":false,"children":[{"hashValue":"6367142b0acaec21d749c9dceea3e918","name":"backup_config.json","path":"D:\\MyApplication\\entry\\.preview\\default\\intermediates\\res\\default\\resources\\base\\profile\\backup_config.json","type":"file","isSymbolicLink":false,"fileMetaData":{"size":36,"lastModifiedTime":1759239091241}},{"hashValue":"8451c80bee474f5df7891f77edbd53e0","name":"main_pages.json","path":"D:\\MyApplication\\entry\\.preview\\default\\intermediates\\res\\default\\resources\\base\\profile\\main_pages.json","type":"file","isSymbolicLink":false,"fileMetaData":{"size":26,"lastModifiedTime":1761211758815}}]}]}]},{"hashValue":"231b556796a95e13ff726b62bc18b78b","name":"resources.index","path":"D:\\MyApplication\\entry\\.preview\\default\\intermediates\\res\\default\\resources.index","type":"file","isSymbolicLink":false,"fileMetaData":{"size":1381,"lastModifiedTime":1761211758787}},{"hashValue":"94bf89f75b508a21cf88dda106505d16","name":"ResourceTable.txt","path":"D:\\MyApplication\\entry\\.preview\\default\\intermediates\\res\\default\\ResourceTable.txt","type":"file","isSymbolicLink":false,"fileMetaData":{"size":424,"lastModifiedTime":1761211758789}}]},"D:\\MyApplication\\entry\\.preview\\default\\generated\\r\\default":{"hashValue":"598932dae91c8ab8d2b9201e2a17ce2b","name":"default","path":"D:\\MyApplication\\entry\\.preview\\default\\generated\\r\\default","type":"directory","isSymbolicLink":false,"children":[{"hashValue":"61e652865a0f4ec7e1ae8928f91bc4fe","name":"ResourceTable.h","path":"D:\\MyApplication\\entry\\.preview\\default\\generated\\r\\default\\ResourceTable.h","type":"file","isSymbolicLink":false,"fileMetaData":{"size":1368,"lastModifiedTime":1761211758788}}]},"D:\\MyApplication\\entry\\src\\main\\resources\\base\\profile":{"hashValue":"22aad7fcbcb836db6eb45fa38698c6d9","name":"profile","path":"D:\\MyApplication\\entry\\src\\main\\resources\\base\\profile","type":"directory","isSymbolicLink":false,"children":[{"hashValue":"6367142b0acaec21d749c9dceea3e918","name":"backup_config.json","path":"D:\\MyApplication\\entry\\src\\main\\resources\\base\\profile\\backup_config.json","type":"file","isSymbolicLink":false,"fileMetaData":{"size":36,"lastModifiedTime":1759239091241}},{"hashValue":"db2f4a269e8a654451a1a35065bf4c00","name":"main_pages.json","path":"D:\\MyApplication\\entry\\src\\main\\resources\\base\\profile\\main_pages.json","type":"file","isSymbolicLink":false,"fileMetaData":{"size":37,"lastModifiedTime":1759239091036}}]},"D:\\MyApplication\\entry\\.preview\\default\\intermediates\\res\\default\\resources\\base\\profile":{"hashValue":"e75f0eb706d90fc2421a6b57ee60cb75","name":"profile","path":"D:\\MyApplication\\entry\\.preview\\default\\intermediates\\res\\default\\resources\\base\\profile","type":"directory","isSymbolicLink":false,"children":[{"hashValue":"6367142b0acaec21d749c9dceea3e918","name":"backup_config.json","path":"D:\\MyApplication\\entry\\.preview\\default\\intermediates\\res\\default\\resources\\base\\profile\\backup_config.json","type":"file","isSymbolicLink":false,"fileMetaData":{"size":36,"lastModifiedTime":1759239091241}},{"hashValue":"8451c80bee474f5df7891f77edbd53e0","name":"main_pages.json","path":"D:\\MyApplication\\entry\\.preview\\default\\intermediates\\res\\default\\resources\\base\\profile\\main_pages.json","type":"file","isSymbolicLink":false,"fileMetaData":{"size":26,"lastModifiedTime":1761211758815}}]},"D:\\MyApplication\\entry\\.preview\\default\\intermediates\\res\\default\\module.json":{"hashValue":"09af1a63bdf6fbbfb29ef707255fe4a2","name":"module.json","path":"D:\\MyApplication\\entry\\.preview\\default\\intermediates\\res\\default\\module.json","type":"file","isSymbolicLink":false,"fileMetaData":{"size":1949,"lastModifiedTime":1761211758844}},"D:\\MyApplication\\entry\\.preview\\default\\intermediates\\res\\default\\resources\\base\\profile\\main_pages.json":{"hashValue":"8451c80bee474f5df7891f77edbd53e0","name":"main_pages.json","path":"D:\\MyApplication\\entry\\.preview\\default\\intermediates\\res\\default\\resources\\base\\profile\\main_pages.json","type":"file","isSymbolicLink":false,"fileMetaData":{"size":26,"lastModifiedTime":1761211758815}},"D:\\MyApplication\\entry\\.preview\\default\\intermediates\\loader\\default":{"hashValue":"4e64fa7c6b2360d756cbf1e0980e44da","name":"default","path":"D:\\MyApplication\\entry\\.preview\\default\\intermediates\\loader\\default","type":"directory","isSymbolicLink":false,"children":[{"hashValue":"28e5e30b4489227e96bbb29f6c587b49","name":"loader.json","path":"D:\\MyApplication\\entry\\.preview\\default\\intermediates\\loader\\default\\loader.json","type":"file","isSymbolicLink":false,"fileMetaData":{"size":763,"lastModifiedTime":1759667195025}},{"hashValue":"cd7c34a9a26b0002afa9f6e9affc3233","name":"pkgContextInfo.json","path":"D:\\MyApplication\\entry\\.preview\\default\\intermediates\\loader\\default\\pkgContextInfo.json","type":"file","isSymbolicLink":false,"fileMetaData":{"size":444,"lastModifiedTime":1759667194864}}]},"D:\\MyApplication\\entry\\.preview\\default\\intermediates\\res\\default\\ResourceTable.txt":{"hashValue":"94bf89f75b508a21cf88dda106505d16","name":"ResourceTable.txt","path":"D:\\MyApplication\\entry\\.preview\\default\\intermediates\\res\\default\\ResourceTable.txt","type":"file","isSymbolicLink":false,"fileMetaData":{"size":424,"lastModifiedTime":1761211758789}},"D:\\MyApplication\\entry\\src\\main\\ets":{"hashValue":"f9720c9628af6192c77ad61314ab02f3","name":"ets","path":"D:\\MyApplication\\entry\\src\\main\\ets","type":"directory","isSymbolicLink":false,"children":[{"hashValue":"ffd1d04e39e3644ecf84756dac454dd2","name":"entryability","path":"D:\\MyApplication\\entry\\src\\main\\ets\\entryability","type":"directory","isSymbolicLink":false,"children":[{"hashValue":"de83043ee42a8db3867fde899ce89341","name":"EntryAbility.ets","path":"D:\\MyApplication\\entry\\src\\main\\ets\\entryability\\EntryAbility.ets","type":"file","isSymbolicLink":false,"fileMetaData":{"size":1770,"lastModifiedTime":1759239091183}}]},{"hashValue":"561598d6ac2743525354138f7694bb5d","name":"entrybackupability","path":"D:\\MyApplication\\entry\\src\\main\\ets\\entrybackupability","type":"directory","isSymbolicLink":false,"children":[{"hashValue":"f54e550acfc5cfb1a6f2db6dd3818b46","name":"EntryBackupAbility.ets","path":"D:\\MyApplication\\entry\\src\\main\\ets\\entrybackupability\\EntryBackupAbility.ets","type":"file","isSymbolicLink":false,"fileMetaData":{"size":522,"lastModifiedTime":1759239102841}}]},{"hashValue":"c67c961cc053cafeb6e7c2a11790d382","name":"pages","path":"D:\\MyApplication\\entry\\src\\main\\ets\\pages","type":"directory","isSymbolicLink":false,"children":[{"hashValue":"66c967252c88e0b193caa2abf1eaa143","name":"Index.ets","path":"D:\\MyApplication\\entry\\src\\main\\ets\\pages\\Index.ets","type":"file","isSymbolicLink":false,"fileMetaData":{"size":592,"lastModifiedTime":1761048586686}}]},{"hashValue":"f7a8a21e1307f1f882362e104ebf0096","name":"View","path":"D:\\MyApplication\\entry\\src\\main\\ets\\View","type":"directory","isSymbolicLink":false,"children":[{"hashValue":"0dca9b4b9b6e84ce6f50839f5fcb5e01","name":"TodoItem.ets","path":"D:\\MyApplication\\entry\\src\\main\\ets\\View\\TodoItem.ets","type":"file","isSymbolicLink":false,"fileMetaData":{"size":3245,"lastModifiedTime":1761211583047}}]}]},"D:\\MyApplication\\entry\\.preview\\default\\generated\\profile\\default\\ModuleInfo.ts":{"hashValue":"","name":"emptyroot","path":"","type":"unknown","isSymbolicLink":false,"children":[]},"D:\\MyApplication\\entry\\.preview\\default\\intermediates\\startup\\default\\startup_config.json":{"hashValue":"","name":"emptyroot","path":"","type":"unknown","isSymbolicLink":false,"children":[]},"D:\\MyApplication\\entry\\.preview\\default\\intermediates\\loader_out\\default\\ets":{"hashValue":"","name":"emptyroot","path":"","type":"unknown","isSymbolicLink":false,"children":[]}}