{":MyApplication:entry:default@PreBuild":{"_inputs":[{"dataType":"ValueEntry","value":"{\"_name\":\"BUILTIN_TASK_COMMAND\",\"_value\":\"\",\"_valueType\":\"string\",\"_hash\":\"0b5d05294fdf4e78e8482ef53eb64ac0\"}"},{"dataType":"ValueEntry","value":"{\"_name\":\"BUILTIN_TASK_ENV\",\"_value\":\"\",\"_valueType\":\"string\",\"_hash\":\"cdcdc2ec8062ca9ec1de46dbf2bbc053\"}"},{"dataType":"ValueEntry","value":"{\"_name\":\"BUILTIN_TASK_TOOLCHAIN\",\"_value\":\"\",\"_valueType\":\"string\",\"_hash\":\"e7f94a9422a8bc317a7d90b58efcb5f6\"}"},{"dataType":"ValueEntry","value":"{\"_name\":\"apiType\",\"_value\":\"stageMode\",\"_valueType\":\"string\",\"_hash\":\"699c7565645ea3ea8c88551a4926a3d5\"}"},{"dataType":"ValueEntry","value":"{\"_name\":\"byteCodeHar\",\"_value\":false,\"_valueType\":\"boolean\",\"_hash\":\"1918a3ccb645ccacd0aedd84fc6cf8a4\"}"},{"dataType":"ValueEntry","value":"{\"_name\":\"codeType\",\"_value\":true,\"_valueType\":\"boolean\",\"_hash\":\"d6dcf21a9f078b661283507536e57ce8\"}"},{"dataType":"ValueEntry","value":"{\"_name\":\"compatibleApiVersion\",\"_value\":20,\"_valueType\":\"number\",\"_hash\":\"d1a9b4bad2852519391a3dfa46d3c49a\"}"},{"dataType":"ValueEntry","value":"{\"_name\":\"compileApiVersion\",\"_value\":20,\"_valueType\":\"number\",\"_hash\":\"14d339ae8698188bb8a099fa02a008be\"}"},{"dataType":"ValueEntry","value":"{\"_name\":\"configuration\",\"_value\":\"\",\"_valueType\":\"string\",\"_hash\":\"d12f0038691f8f34d654391bbcee2f8e\"}"},{"dataType":"ValueEntry","value":"{\"_name\":\"configurationFileJson\",\"_value\":\"\",\"_valueType\":\"string\",\"_hash\":\"2b55287f40f7e8896b21bab4028e156b\"}"},{"dataType":"ValueEntry","value":"{\"_name\":\"customTypes\",\"_value\":\"\",\"_valueType\":\"string\",\"_hash\":\"970a2695bffac1c5a4fa283dc36050e3\"}"},{"dataType":"ValueEntry","value":"{\"_name\":\"deviceType\",\"_value\":[\"phone\"],\"_valueType\":\"object\",\"_hash\":\"37e6ac899555898537e20cfb8a24f9e1\"}"},{"dataType":"ValueEntry","value":"{\"_name\":\"excludeExpandImportDependencyNames\",\"_value\":[],\"_valueType\":\"object\",\"_hash\":\"0193351ec2f32eccfbf48ad5e0b90682\"}"},{"dataType":"ValueEntry","value":"{\"_name\":\"integrated_hsp\",\"_value\":false,\"_valueType\":\"boolean\",\"_hash\":\"2538281751f182d9123d2ab28efaf9be\"}"},{"dataType":"ValueEntry","value":"{\"_name\":\"isExpandImportEnabled\",\"_value\":false,\"_valueType\":\"boolean\",\"_hash\":\"b1205f4ab0d7f5ea3d08fc62ada326f3\"}"},{"dataType":"ValueEntry","value":"{\"_name\":\"isPreloadSystemSoEnabled\",\"_value\":false,\"_valueType\":\"boolean\",\"_hash\":\"c4acb1b795996dd37bb5da9b9d6d5a6c\"}"},{"dataType":"ValueEntry","value":"{\"_name\":\"isSingleFileEmitEnabled\",\"_value\":false,\"_valueType\":\"boolean\",\"_hash\":\"d134e8dc91cab6e80284a67f740061f1\"}"},{"dataType":"ValueEntry","value":"{\"_name\":\"isSupportOhpmProj\",\"_value\":true,\"_valueType\":\"boolean\",\"_hash\":\"f3a249d7e3f751316e931b8a08b074b4\"}"},{"dataType":"ValueEntry","value":"{\"_name\":\"mockConfigSources\",\"_value\":\"\",\"_valueType\":\"string\",\"_hash\":\"c489be8273867a50afbc86c53d938c92\"}"},{"dataType":"ValueEntry","value":"{\"_name\":\"moduleDependencyNames\",\"_value\":[],\"_valueType\":\"object\",\"_hash\":\"87c47fafa181bc24adadaf4aa2767fe8\"}"},{"dataType":"ValueEntry","value":"{\"_name\":\"moduleJsonOpt\",\"_value\":\"{\\\"jsonFilePath\\\":\\\"D:\\\\\\\\MyApplication\\\\\\\\entry\\\\\\\\src\\\\\\\\main\\\\\\\\module.json5\\\",\\\"profile\\\":{\\\"module\\\":{\\\"name\\\":\\\"entry\\\",\\\"type\\\":\\\"entry\\\",\\\"description\\\":\\\"$string:module_desc\\\",\\\"mainElement\\\":\\\"EntryAbility\\\",\\\"deviceTypes\\\":[\\\"phone\\\"],\\\"deliveryWithInstall\\\":true,\\\"installationFree\\\":false,\\\"pages\\\":\\\"$profile:main_pages\\\",\\\"abilities\\\":[{\\\"name\\\":\\\"EntryAbility\\\",\\\"srcEntry\\\":\\\"./ets/entryability/EntryAbility.ets\\\",\\\"description\\\":\\\"$string:EntryAbility_desc\\\",\\\"icon\\\":\\\"$media:layered_image\\\",\\\"label\\\":\\\"$string:EntryAbility_label\\\",\\\"startWindowIcon\\\":\\\"$media:startIcon\\\",\\\"startWindowBackground\\\":\\\"$color:start_window_background\\\",\\\"exported\\\":true,\\\"skills\\\":[{\\\"entities\\\":[\\\"entity.system.home\\\"],\\\"actions\\\":[\\\"ohos.want.action.home\\\"]}]}],\\\"extensionAbilities\\\":[{\\\"name\\\":\\\"EntryBackupAbility\\\",\\\"srcEntry\\\":\\\"./ets/entrybackupability/EntryBackupAbility.ets\\\",\\\"type\\\":\\\"backup\\\",\\\"exported\\\":false,\\\"metadata\\\":[{\\\"name\\\":\\\"ohos.extension.backup\\\",\\\"resource\\\":\\\"$profile:backup_config\\\"}]}]}},\\\"deviceTypes\\\":[\\\"phone\\\"],\\\"deviceConfig\\\":\\\"deviceTypes\\\",\\\"configurationProfile\\\":\\\"module.json5\\\"}\",\"_valueType\":\"string\",\"_hash\":\"2c76f3794b70a3958cd1d7c1fd5d5b0c\"}"},{"dataType":"ValueEntry","value":"{\"_name\":\"profileModuleName\",\"_value\":\"entry\",\"_valueType\":\"string\",\"_hash\":\"b174ea6ff5824844dde5ad92f6b3ef2b\"}"},{"dataType":"ValueEntry","value":"{\"_name\":\"removePermissions\",\"_valueType\":\"undefined\",\"_hash\":\"0703cfc523a152c6195a8fd1935503e5\"}"},{"dataType":"ValueEntry","value":"{\"_name\":\"sdkToolchainsComponentVersion\",\"_value\":\"6.0.0.47\",\"_valueType\":\"string\",\"_hash\":\"c127f4ea36b6aa4ea112cf2815ac6aa8\"}"},{"dataType":"ValueEntry","value":"{\"_name\":\"sourceRoots\",\"_value\":true,\"_valueType\":\"boolean\",\"_hash\":\"a369c115d2c4122f3819759804ec9d35\"}"},{"dataType":"ValueEntry","value":"{\"_name\":\"targetStatusCode\",\"_value\":2,\"_valueType\":\"number\",\"_hash\":\"5a9255c0f4ee50904a9349ebafca8369\"}"},{"dataType":"ValueEntry","value":"{\"_name\":\"transformLib\",\"_value\":\"\",\"_valueType\":\"string\",\"_hash\":\"7d270d0ce7ae5c6e2e32760cb396ea5a\"}"},{"dataType":"ValueEntry","value":"{\"_name\":\"useNormalizedOHMUrl\",\"_value\":true,\"_valueType\":\"boolean\",\"_hash\":\"05eabcf12e6fe230e579e0fd37679db6\"}"}],"_successful":true,"_projectName":"MyApplication","_moduleName":"entry","_taskName":"default@PreBuild","_key":":MyApplication:entry:default@PreBuild","_executionId":":MyApplication:entry:default@PreBuild:1759667194768","_inputFiles":{"dataType":"Map","value":[["D:\\MyApplication\\AppScope\\app.json5",{"isDirectory":false,"fileSnapShotHashValue":"2613c2739ef81a47a94a0737f5342508"}],["D:\\MyApplication\\entry\\src\\main\\module.json5",{"isDirectory":false,"fileSnapShotHashValue":"5f3738f0573fc8e679c559224c549768"}],["D:\\MyApplication\\build-profile.json5",{"fileSnapShotHashValue":"c213197971399d0e4375a0133b366a40"}],["D:\\MyApplication\\entry\\build-profile.json5",{"fileSnapShotHashValue":"e11c972901d69b90277f1db2c5d2ff42"}],["D:\\MyApplication\\entry\\src\\main\\resources\\base\\profile\\main_pages.json",{"fileSnapShotHashValue":"db2f4a269e8a654451a1a35065bf4c00"}],["D:\\MyApplication\\hvigor\\hvigor-config.json5",{"isDirectory":true,"fileSnapShotHashValue":"f07ff286b0dfde3b35d990385017ab26"}],["D:\\MyApplication\\entry\\src\\mock\\mock-config.json5",{"isDirectory":false,"fileSnapShotHashValue":"3234c43464a033dcbea9b3ca48e28c44"}],["D:\\MyApplication\\entry\\oh-package.json5",{"fileSnapShotHashValue":"b66a154c64f94a72d3e4e824b7661a7b"}],["D:\\MyApplication\\oh-package.json5",{"fileSnapShotHashValue":"3e0192219cd72de15002da6677859283"}]]},"_outputFiles":{"dataType":"Map","value":[]}},":MyApplication:entry:default@CreateModuleInfo":{"_inputs":[{"dataType":"ValueEntry","value":"{\"_name\":\"ohosUiTransformOptimization\",\"_value\":false,\"_valueType\":\"boolean\"}"},{"dataType":"ValueEntry","value":"{\"_name\":\"BUILTIN_TASK_COMMAND\",\"_value\":\"\",\"_valueType\":\"string\"}"},{"dataType":"ValueEntry","value":"{\"_name\":\"BUILTIN_TASK_TOOLCHAIN\",\"_value\":\"\",\"_valueType\":\"string\"}"},{"dataType":"ValueEntry","value":"{\"_name\":\"BUILTIN_TASK_ENV\",\"_value\":\"\",\"_valueType\":\"string\"}"}],"_successful":false,"_projectName":"MyApplication","_moduleName":"entry","_taskName":"default@CreateModuleInfo","_key":":MyApplication:entry:default@CreateModuleInfo","_executionId":":MyApplication:entry:default@CreateModuleInfo:1761211756773","_inputFiles":{"dataType":"Map","value":[]},"_outputFiles":{"dataType":"Map","value":[["D:\\MyApplication\\entry\\.preview\\default\\generated\\profile\\default\\ModuleInfo.ts",{"isDirectory":false,"fileSnapShotHashValue":""}]]}},":MyApplication:entry:default@MergeProfile":{"_inputs":[{"dataType":"ValueEntry","value":"{\"_name\":\"BUILTIN_TASK_COMMAND\",\"_value\":\"\",\"_valueType\":\"string\",\"_hash\":\"0b5d05294fdf4e78e8482ef53eb64ac0\"}"},{"dataType":"ValueEntry","value":"{\"_name\":\"BUILTIN_TASK_ENV\",\"_value\":\"\",\"_valueType\":\"string\",\"_hash\":\"cdcdc2ec8062ca9ec1de46dbf2bbc053\"}"},{"dataType":"ValueEntry","value":"{\"_name\":\"BUILTIN_TASK_TOOLCHAIN\",\"_value\":\"\",\"_valueType\":\"string\",\"_hash\":\"e7f94a9422a8bc317a7d90b58efcb5f6\"}"},{"dataType":"ValueEntry","value":"{\"_name\":\"appJsonOpt\",\"_value\":\"{\\\"app\\\":{\\\"bundleName\\\":\\\"com.example.myapplication\\\",\\\"vendor\\\":\\\"example\\\",\\\"versionCode\\\":1000000,\\\"versionName\\\":\\\"1.0.0\\\",\\\"icon\\\":\\\"$media:layered_image\\\",\\\"label\\\":\\\"$string:app_name\\\"}}\",\"_valueType\":\"string\",\"_hash\":\"58f1614518825396896261d2c9c94fb0\"}"},{"dataType":"ValueEntry","value":"{\"_name\":\"asanEnable\",\"_value\":false,\"_valueType\":\"boolean\",\"_hash\":\"bc2129ba20a21b7e5234139ede1b4d7b\"}"},{"dataType":"ValueEntry","value":"{\"_name\":\"buildProfileAbilities\",\"_valueType\":\"undefined\",\"_hash\":\"40d5093f345351dd6d67ce5d6a209345\"}"},{"dataType":"ValueEntry","value":"{\"_name\":\"buildRoot\",\"_value\":\".preview\",\"_valueType\":\"string\",\"_hash\":\"88e9a315669657b02bc470a13f92befe\"}"},{"dataType":"ValueEntry","value":"{\"_name\":\"compatibleSdkVersion\",\"_value\":20,\"_valueType\":\"number\",\"_hash\":\"21b6a9a30d62ca5ac681223359879fee\"}"},{"dataType":"ValueEntry","value":"{\"_name\":\"hwasanEnable\",\"_value\":false,\"_valueType\":\"boolean\",\"_hash\":\"d35c8440e915c3a94c482ddd6f7af075\"}"},{"dataType":"ValueEntry","value":"{\"_name\":\"includeAppScopeRes\",\"_value\":\"\",\"_valueType\":\"string\",\"_hash\":\"f7a63c7a6a8f0303e1c2b3b71d3b71d0\"}"},{"dataType":"ValueEntry","value":"{\"_name\":\"integratedHsp\",\"_value\":false,\"_valueType\":\"boolean\",\"_hash\":\"e67900c25b1f9fb70cc779de77dc6912\"}"},{"dataType":"ValueEntry","value":"{\"_name\":\"isBundledDependencies\",\"_value\":false,\"_valueType\":\"boolean\",\"_hash\":\"a69aa552317c7a6e087cb84a5722e050\"}"},{"dataType":"ValueEntry","value":"{\"_name\":\"isDebug\",\"_value\":true,\"_valueType\":\"boolean\",\"_hash\":\"edbf05a2d2be2c385e75d9565a48d419\"}"},{"dataType":"ValueEntry","value":"{\"_name\":\"isHarModule\",\"_value\":false,\"_valueType\":\"boolean\",\"_hash\":\"a15b7a3ed818faa99a4a10d67f52cb72\"}"},{"dataType":"ValueEntry","value":"{\"_name\":\"moduleJsonOpt\",\"_value\":\"{\\\"module\\\":{\\\"name\\\":\\\"entry\\\",\\\"type\\\":\\\"entry\\\",\\\"description\\\":\\\"$string:module_desc\\\",\\\"mainElement\\\":\\\"EntryAbility\\\",\\\"deviceTypes\\\":[\\\"phone\\\"],\\\"deliveryWithInstall\\\":true,\\\"installationFree\\\":false,\\\"pages\\\":\\\"$profile:main_pages\\\",\\\"abilities\\\":[{\\\"name\\\":\\\"EntryAbility\\\",\\\"srcEntry\\\":\\\"./ets/entryability/EntryAbility.ets\\\",\\\"description\\\":\\\"$string:EntryAbility_desc\\\",\\\"icon\\\":\\\"$media:layered_image\\\",\\\"label\\\":\\\"$string:EntryAbility_label\\\",\\\"startWindowIcon\\\":\\\"$media:startIcon\\\",\\\"startWindowBackground\\\":\\\"$color:start_window_background\\\",\\\"exported\\\":true,\\\"skills\\\":[{\\\"entities\\\":[\\\"entity.system.home\\\"],\\\"actions\\\":[\\\"ohos.want.action.home\\\"]}]}],\\\"extensionAbilities\\\":[{\\\"name\\\":\\\"EntryBackupAbility\\\",\\\"srcEntry\\\":\\\"./ets/entrybackupability/EntryBackupAbility.ets\\\",\\\"type\\\":\\\"backup\\\",\\\"exported\\\":false,\\\"metadata\\\":[{\\\"name\\\":\\\"ohos.extension.backup\\\",\\\"resource\\\":\\\"$profile:backup_config\\\"}]}]}}\",\"_valueType\":\"string\",\"_hash\":\"4b68a9244d887778f4ad21cc06d60d67\"}"},{"dataType":"ValueEntry","value":"{\"_name\":\"multiProjects\",\"_value\":false,\"_valueType\":\"boolean\",\"_hash\":\"555604752defc243b4e4c55d1549fc06\"}"},{"dataType":"ValueEntry","value":"{\"_name\":\"ohLibs\",\"_value\":[],\"_valueType\":\"object\",\"_hash\":\"2925e1c2cb4c5cb62380d4f68b21377c\"}"},{"dataType":"ValueEntry","value":"{\"_name\":\"packageName\",\"_value\":\"entry\",\"_valueType\":\"string\",\"_hash\":\"a754c30e6c7696d34a7f9aca5e67d70a\"}"},{"dataType":"ValueEntry","value":"{\"_name\":\"projectConfigAppOpt\",\"_valueType\":\"undefined\",\"_hash\":\"b52997704fa206ed96a13a1f2e464a85\"}"},{"dataType":"ValueEntry","value":"{\"_name\":\"releaseType\",\"_value\":\"Release\",\"_valueType\":\"string\",\"_hash\":\"bbcabdda034e97584f8c36f85b3ec517\"}"},{"dataType":"ValueEntry","value":"{\"_name\":\"removePermissions\",\"_valueType\":\"undefined\",\"_hash\":\"0703cfc523a152c6195a8fd1935503e5\"}"},{"dataType":"ValueEntry","value":"{\"_name\":\"targetSdkVersion\",\"_value\":20,\"_valueType\":\"number\",\"_hash\":\"94318ee66b276d9f7c056294403d2f58\"}"},{"dataType":"ValueEntry","value":"{\"_name\":\"tsanEnable\",\"_value\":false,\"_valueType\":\"boolean\",\"_hash\":\"086cac69f102cdd9ee25e54982ad7b76\"}"},{"dataType":"ValueEntry","value":"{\"_name\":\"ubsanEnable\",\"_value\":false,\"_valueType\":\"boolean\",\"_hash\":\"3b15da42c5f4b695fbd1d0b43191764a\"}"}],"_successful":true,"_projectName":"MyApplication","_moduleName":"entry","_taskName":"default@MergeProfile","_key":":MyApplication:entry:default@MergeProfile","_executionId":":MyApplication:entry:default@MergeProfile:1759667194847","_inputFiles":{"dataType":"Map","value":[["D:\\MyApplication\\AppScope\\app.json5",{"fileSnapShotHashValue":"2613c2739ef81a47a94a0737f5342508"}],["D:\\MyApplication\\build-profile.json5",{"fileSnapShotHashValue":"c213197971399d0e4375a0133b366a40"}],["D:\\MyApplication\\entry\\src\\main\\module.json5",{"fileSnapShotHashValue":"5f3738f0573fc8e679c559224c549768"}]]},"_outputFiles":{"dataType":"Map","value":[["D:\\MyApplication\\entry\\.preview\\default\\intermediates\\merge_profile\\default\\module.json",{"fileSnapShotHashValue":"f748b6967ee3f853cc8e1dcbcf19fb83"}]]}},":MyApplication:entry:default@CreateBuildProfile":{"_inputs":[{"dataType":"ValueEntry","value":"{\"_name\":\"BUILTIN_TASK_COMMAND\",\"_value\":\"\",\"_valueType\":\"string\",\"_hash\":\"0b5d05294fdf4e78e8482ef53eb64ac0\"}"},{"dataType":"ValueEntry","value":"{\"_name\":\"BUILTIN_TASK_ENV\",\"_value\":\"\",\"_valueType\":\"string\",\"_hash\":\"cdcdc2ec8062ca9ec1de46dbf2bbc053\"}"},{"dataType":"ValueEntry","value":"{\"_name\":\"BUILTIN_TASK_TOOLCHAIN\",\"_value\":\"\",\"_valueType\":\"string\",\"_hash\":\"e7f94a9422a8bc317a7d90b58efcb5f6\"}"},{"dataType":"ValueEntry","value":"{\"_name\":\"buildMode\",\"_value\":\"Debug\",\"_valueType\":\"string\",\"_hash\":\"8120d22ada0d6de22b101e1f4ea16e81\"}"},{"dataType":"ValueEntry","value":"{\"_name\":\"buildModeName\",\"_value\":\"debug\",\"_valueType\":\"string\",\"_hash\":\"3f0246ea410fd9efa9fc7196cca045e3\"}"},{"dataType":"ValueEntry","value":"{\"_name\":\"buildProfileFields\",\"_value\":\"\",\"_valueType\":\"string\",\"_hash\":\"21090e125326cef17357e44b789a1ab5\"}"},{"dataType":"ValueEntry","value":"{\"_name\":\"projectOhosConfigAppOpt\",\"_value\":\"\",\"_valueType\":\"string\",\"_hash\":\"7613f1b2cb16d78bb723d12882b0d923\"}"}],"_successful":true,"_projectName":"MyApplication","_moduleName":"entry","_taskName":"default@CreateBuildProfile","_key":":MyApplication:entry:default@CreateBuildProfile","_executionId":":MyApplication:entry:default@CreateBuildProfile:1759667194852","_inputFiles":{"dataType":"Map","value":[["D:\\MyApplication\\AppScope\\app.json5",{"fileSnapShotHashValue":"2613c2739ef81a47a94a0737f5342508"}],["D:\\MyApplication\\build-profile.json5",{"fileSnapShotHashValue":"c213197971399d0e4375a0133b366a40"}]]},"_outputFiles":{"dataType":"Map","value":[["D:\\MyApplication\\entry\\.preview\\default\\generated\\profile\\default\\BuildProfile.ets",{"fileSnapShotHashValue":"ea54dc438ed65d3f0bd8020a79509e10"}]]}},":MyApplication:entry:default@GeneratePkgContextInfo":{"_inputs":[{"dataType":"ValueEntry","value":"{\"_name\":\"BUILTIN_TASK_COMMAND\",\"_value\":\"\",\"_valueType\":\"string\",\"_hash\":\"0b5d05294fdf4e78e8482ef53eb64ac0\"}"},{"dataType":"ValueEntry","value":"{\"_name\":\"BUILTIN_TASK_ENV\",\"_value\":\"\",\"_valueType\":\"string\",\"_hash\":\"cdcdc2ec8062ca9ec1de46dbf2bbc053\"}"},{"dataType":"ValueEntry","value":"{\"_name\":\"BUILTIN_TASK_TOOLCHAIN\",\"_value\":\"\",\"_valueType\":\"string\",\"_hash\":\"e7f94a9422a8bc317a7d90b58efcb5f6\"}"},{"dataType":"ValueEntry","value":"{\"_name\":\"pkgContextInfoMap\",\"_value\":\"{\\\"@ohos/hypium\\\":{\\\"packageName\\\":\\\"@ohos/hypium\\\",\\\"bundleName\\\":\\\"\\\",\\\"moduleName\\\":\\\"\\\",\\\"version\\\":\\\"1.0.24\\\",\\\"entryPath\\\":\\\"index.js\\\",\\\"isSO\\\":false,\\\"dependencyAlias\\\":\\\"\\\"},\\\"@ohos/hamock\\\":{\\\"packageName\\\":\\\"@ohos/hamock\\\",\\\"bundleName\\\":\\\"\\\",\\\"moduleName\\\":\\\"\\\",\\\"version\\\":\\\"1.0.0\\\",\\\"entryPath\\\":\\\"index.ets\\\",\\\"isSO\\\":false,\\\"dependencyAlias\\\":\\\"\\\"},\\\"entry\\\":{\\\"packageName\\\":\\\"entry\\\",\\\"bundleName\\\":\\\"\\\",\\\"moduleName\\\":\\\"\\\",\\\"version\\\":\\\"\\\",\\\"entryPath\\\":\\\"src/main/\\\",\\\"isSO\\\":false,\\\"dependencyAlias\\\":\\\"\\\"}}\",\"_valueType\":\"string\",\"_hash\":\"6f7e168a0a6c4b750202422b53a228b0\"}"},{"dataType":"ValueEntry","value":"{\"_name\":\"useNormalizedOHMUrl\",\"_value\":true,\"_valueType\":\"boolean\",\"_hash\":\"05eabcf12e6fe230e579e0fd37679db6\"}"}],"_successful":true,"_projectName":"MyApplication","_moduleName":"entry","_taskName":"default@GeneratePkgContextInfo","_key":":MyApplication:entry:default@GeneratePkgContextInfo","_executionId":":MyApplication:entry:default@GeneratePkgContextInfo:1759667194863","_inputFiles":{"dataType":"Map","value":[]},"_outputFiles":{"dataType":"Map","value":[["D:\\MyApplication\\entry\\.preview\\default\\intermediates\\loader\\default\\pkgContextInfo.json",{"isDirectory":false,"fileSnapShotHashValue":"cd7c34a9a26b0002afa9f6e9affc3233"}]]}},":MyApplication:entry:default@ProcessProfile":{"_inputs":[{"dataType":"ValueEntry","value":"{\"_name\":\"BUILTIN_TASK_COMMAND\",\"_value\":\"\",\"_valueType\":\"string\",\"_hash\":\"0b5d05294fdf4e78e8482ef53eb64ac0\"}"},{"dataType":"ValueEntry","value":"{\"_name\":\"BUILTIN_TASK_ENV\",\"_value\":\"\",\"_valueType\":\"string\",\"_hash\":\"cdcdc2ec8062ca9ec1de46dbf2bbc053\"}"},{"dataType":"ValueEntry","value":"{\"_name\":\"BUILTIN_TASK_TOOLCHAIN\",\"_value\":\"\",\"_valueType\":\"string\",\"_hash\":\"e7f94a9422a8bc317a7d90b58efcb5f6\"}"},{"dataType":"ValueEntry","value":"{\"_name\":\"arkEnable\",\"_value\":true,\"_valueType\":\"boolean\",\"_hash\":\"750b4bda198545a67903dfb3f6a00a95\"}"},{"dataType":"ValueEntry","value":"{\"_name\":\"compatibleSdkVersionStage\",\"_value\":\"\",\"_valueType\":\"string\",\"_hash\":\"713e499a13beffe12f1dfb936f957a2a\"}"},{"dataType":"ValueEntry","value":"{\"_name\":\"compileMode\",\"_value\":\"esmodule\",\"_valueType\":\"string\",\"_hash\":\"dacafc8e0b77a950178a0b4d142dc32c\"}"},{"dataType":"ValueEntry","value":"{\"_name\":\"dependency\",\"_value\":\"[]\",\"_valueType\":\"string\",\"_hash\":\"ac54f3d4ced2d4c1d666d40e4f7c454a\"}"},{"dataType":"ValueEntry","value":"{\"_name\":\"deviceTypes\",\"_value\":[\"phone\"],\"_valueType\":\"object\",\"_hash\":\"bad57feb108b0c386255b211cb9b3622\"}"},{"dataType":"ValueEntry","value":"{\"_name\":\"harExcludeHSPDependencies\",\"_valueType\":\"undefined\",\"_hash\":\"441c7ca15ef24eb05ff0b3f48a2c455e\"}"},{"dataType":"ValueEntry","value":"{\"_name\":\"isFakeUIAbilityExists\",\"_value\":true,\"_valueType\":\"boolean\",\"_hash\":\"d86a7889f6da4d4650254173b66a6dab\"}"}],"_successful":true,"_projectName":"MyApplication","_moduleName":"entry","_taskName":"default@ProcessProfile","_key":":MyApplication:entry:default@ProcessProfile","_executionId":":MyApplication:entry:default@ProcessProfile:1759825498870","_inputFiles":{"dataType":"Map","value":[["D:\\MyApplication\\entry\\.preview\\default\\intermediates\\merge_profile\\default\\module.json",{"fileSnapShotHashValue":"f748b6967ee3f853cc8e1dcbcf19fb83"}]]},"_outputFiles":{"dataType":"Map","value":[["D:\\MyApplication\\entry\\.preview\\default\\intermediates\\process_profile\\default\\module.json",{"fileSnapShotHashValue":"f72008652a78e06bc4ab1b333ed1e708"}]]}},":MyApplication:entry:default@ProcessRouterMap":{"_inputs":[{"dataType":"ValueEntry","value":"{\"_name\":\"BUILTIN_TASK_COMMAND\",\"_value\":\"\",\"_valueType\":\"string\",\"_hash\":\"0b5d05294fdf4e78e8482ef53eb64ac0\"}"},{"dataType":"ValueEntry","value":"{\"_name\":\"BUILTIN_TASK_ENV\",\"_value\":\"\",\"_valueType\":\"string\",\"_hash\":\"cdcdc2ec8062ca9ec1de46dbf2bbc053\"}"},{"dataType":"ValueEntry","value":"{\"_name\":\"BUILTIN_TASK_TOOLCHAIN\",\"_value\":\"\",\"_valueType\":\"string\",\"_hash\":\"e7f94a9422a8bc317a7d90b58efcb5f6\"}"},{"dataType":"ValueEntry","value":"{\"_name\":\"byteCodeHar\",\"_value\":false,\"_valueType\":\"boolean\",\"_hash\":\"1918a3ccb645ccacd0aedd84fc6cf8a4\"}"},{"dataType":"ValueEntry","value":"{\"_name\":\"obfuscated\",\"_value\":true,\"_valueType\":\"boolean\",\"_hash\":\"a69c27b9cf01a6710d3662cfe180239f\"}"},{"dataType":"ValueEntry","value":"{\"_name\":\"useNormalizedOHMUrl\",\"_value\":true,\"_valueType\":\"boolean\",\"_hash\":\"05eabcf12e6fe230e579e0fd37679db6\"}"}],"_successful":true,"_projectName":"MyApplication","_moduleName":"entry","_taskName":"default@ProcessRouterMap","_key":":MyApplication:entry:default@ProcessRouterMap","_executionId":":MyApplication:entry:default@ProcessRouterMap:1759667194996","_inputFiles":{"dataType":"Map","value":[["D:\\MyApplication\\entry\\oh-package.json5",{"fileSnapShotHashValue":"b66a154c64f94a72d3e4e824b7661a7b"}],["D:\\MyApplication\\oh-package.json5",{"fileSnapShotHashValue":"3e0192219cd72de15002da6677859283"}],["D:\\MyApplication\\entry\\src\\main\\module.json5",{"fileSnapShotHashValue":"5f3738f0573fc8e679c559224c549768"}],["D:\\MyApplication\\entry\\.preview\\default\\intermediates\\loader\\default\\pkgContextInfo.json",{"fileSnapShotHashValue":"cd7c34a9a26b0002afa9f6e9affc3233"}]]},"_outputFiles":{"dataType":"Map","value":[["D:\\MyApplication\\entry\\.preview\\default\\intermediates\\router_map\\default\\temp-router-map.json",{"fileSnapShotHashValue":"b48bcb981eb44b04a78da1afa6ac19c0"}],["D:\\MyApplication\\entry\\.preview\\default\\intermediates\\router_map\\default\\loader-router-map.json",{"fileSnapShotHashValue":"b343c2a2d7ae2562d61c903460fb62ff"}]]}},":MyApplication:entry:default@ProcessShareConfig":{"_inputs":[{"dataType":"ValueEntry","value":"{\"_name\":\"BUILTIN_TASK_COMMAND\",\"_value\":\"\",\"_valueType\":\"string\",\"_hash\":\"0b5d05294fdf4e78e8482ef53eb64ac0\"}"},{"dataType":"ValueEntry","value":"{\"_name\":\"BUILTIN_TASK_ENV\",\"_value\":\"\",\"_valueType\":\"string\",\"_hash\":\"cdcdc2ec8062ca9ec1de46dbf2bbc053\"}"},{"dataType":"ValueEntry","value":"{\"_name\":\"BUILTIN_TASK_TOOLCHAIN\",\"_value\":\"\",\"_valueType\":\"string\",\"_hash\":\"e7f94a9422a8bc317a7d90b58efcb5f6\"}"}],"_successful":true,"_projectName":"MyApplication","_moduleName":"entry","_taskName":"default@ProcessShareConfig","_key":":MyApplication:entry:default@ProcessShareConfig","_executionId":":MyApplication:entry:default@ProcessShareConfig:1759667195001","_inputFiles":{"dataType":"Map","value":[["D:\\MyApplication\\entry\\oh-package.json5",{"fileSnapShotHashValue":"b66a154c64f94a72d3e4e824b7661a7b"}],["D:\\MyApplication\\oh-package.json5",{"fileSnapShotHashValue":"3e0192219cd72de15002da6677859283"}],["D:\\MyApplication\\entry\\src\\main\\module.json5",{"fileSnapShotHashValue":"5f3738f0573fc8e679c559224c549768"}],["D:\\MyApplication\\entry\\.preview\\default\\intermediates\\loader\\default\\pkgContextInfo.json",{"fileSnapShotHashValue":"cd7c34a9a26b0002afa9f6e9affc3233"}]]},"_outputFiles":{"dataType":"Map","value":[["D:\\MyApplication\\entry\\.preview\\default\\intermediates\\share_config\\default\\temp-share-config.json",{"fileSnapShotHashValue":"1eab6ea8becd9e73b576b62eff747455"}]]}},":MyApplication:entry:default@ProcessStartupConfig":{"_inputs":[{"dataType":"ValueEntry","value":"{\"_name\":\"appStartupFileName\",\"_value\":\"\",\"_valueType\":\"string\"}"},{"dataType":"ValueEntry","value":"{\"_name\":\"useNormalizedOHMUrl\",\"_value\":true,\"_valueType\":\"boolean\"}"},{"dataType":"ValueEntry","value":"{\"_name\":\"shouldCollectPreloadSystemSo\",\"_value\":false,\"_valueType\":\"boolean\"}"},{"dataType":"ValueEntry","value":"{\"_name\":\"BUILTIN_TASK_COMMAND\",\"_value\":\"\",\"_valueType\":\"string\"}"},{"dataType":"ValueEntry","value":"{\"_name\":\"BUILTIN_TASK_TOOLCHAIN\",\"_value\":\"\",\"_valueType\":\"string\"}"},{"dataType":"ValueEntry","value":"{\"_name\":\"BUILTIN_TASK_ENV\",\"_value\":\"\",\"_valueType\":\"string\"}"}],"_successful":true,"_projectName":"MyApplication","_moduleName":"entry","_taskName":"default@ProcessStartupConfig","_key":":MyApplication:entry:default@ProcessStartupConfig","_executionId":":MyApplication:entry:default@ProcessStartupConfig:1761211756808","_inputFiles":{"dataType":"Map","value":[["D:\\MyApplication\\entry\\.preview\\default\\intermediates\\loader\\default\\pkgContextInfo.json",{"fileSnapShotHashValue":"cd7c34a9a26b0002afa9f6e9affc3233"}]]},"_outputFiles":{"dataType":"Map","value":[["D:\\MyApplication\\entry\\.preview\\default\\intermediates\\startup\\default\\startup_config.json",{"fileSnapShotHashValue":""}]]}},":MyApplication:entry:default@GenerateLoaderJson":{"_inputs":[{"dataType":"ValueEntry","value":"{\"_name\":\"BUILTIN_TASK_COMMAND\",\"_value\":\"\",\"_valueType\":\"string\",\"_hash\":\"0b5d05294fdf4e78e8482ef53eb64ac0\"}"},{"dataType":"ValueEntry","value":"{\"_name\":\"BUILTIN_TASK_ENV\",\"_value\":\"\",\"_valueType\":\"string\",\"_hash\":\"cdcdc2ec8062ca9ec1de46dbf2bbc053\"}"},{"dataType":"ValueEntry","value":"{\"_name\":\"BUILTIN_TASK_TOOLCHAIN\",\"_value\":\"\",\"_valueType\":\"string\",\"_hash\":\"e7f94a9422a8bc317a7d90b58efcb5f6\"}"},{"dataType":"ValueEntry","value":"{\"_name\":\"anBuildMode\",\"_value\":\"type\",\"_valueType\":\"string\",\"_hash\":\"de241a1eec94a2a622ff1c89f32846a2\"}"},{"dataType":"ValueEntry","value":"{\"_name\":\"apPath\",\"_value\":\"D:\\\\MyApplication\\\\entry\\\\modules.ap\",\"_valueType\":\"string\",\"_hash\":\"7029805e265bd079afed5ea05f5f9363\"}"},{"dataType":"ValueEntry","value":"{\"_name\":\"appStartupFileName\",\"_value\":\"\",\"_valueType\":\"string\",\"_hash\":\"87d81fdb1c6249048cc0cae16c042f58\"}"},{"dataType":"ValueEntry","value":"{\"_name\":\"compatibleApiVersion\",\"_value\":20,\"_valueType\":\"number\",\"_hash\":\"d1a9b4bad2852519391a3dfa46d3c49a\"}"},{"dataType":"ValueEntry","value":"{\"_name\":\"compileApiVersion\",\"_value\":20,\"_valueType\":\"number\",\"_hash\":\"14d339ae8698188bb8a099fa02a008be\"}"},{"dataType":"ValueEntry","value":"{\"_name\":\"compileMode\",\"_value\":\"esmodule\",\"_valueType\":\"string\",\"_hash\":\"dacafc8e0b77a950178a0b4d142dc32c\"}"},{"dataType":"ValueEntry","value":"{\"_name\":\"fallbackAnBuild\",\"_value\":false,\"_valueType\":\"boolean\",\"_hash\":\"a63e98bb3f368ced6ed4d5579ea7ca39\"}"},{"dataType":"ValueEntry","value":"{\"_name\":\"harNameOhmMap\",\"_value\":\"{}\",\"_valueType\":\"string\",\"_hash\":\"0faf006bccbcdc2c7f04ff2d8c87894f\"}"},{"dataType":"ValueEntry","value":"{\"_name\":\"hspNameOhmMap\",\"_value\":\"{}\",\"_valueType\":\"string\",\"_hash\":\"0e2d87e0c1ed279c66bc3efb8683e5d1\"}"},{"dataType":"ValueEntry","value":"{\"_name\":\"isBundledDependencies\",\"_value\":false,\"_valueType\":\"boolean\",\"_hash\":\"a69aa552317c7a6e087cb84a5722e050\"}"},{"dataType":"ValueEntry","value":"{\"_name\":\"isByteCodeHar\",\"_value\":false,\"_valueType\":\"boolean\",\"_hash\":\"c5f9b9e5cabee4253d52d0d01ca64ba2\"}"},{"dataType":"ValueEntry","value":"{\"_name\":\"isByteCodeHarOptimize\",\"_value\":false,\"_valueType\":\"boolean\",\"_hash\":\"8bead8cfc37204aef1ea61b5629a86a7\"}"},{"dataType":"ValueEntry","value":"{\"_name\":\"isFullCompilationEnabled\",\"_value\":true,\"_valueType\":\"boolean\",\"_hash\":\"98b683d049e4e7fc32ef1be5321fe0b6\"}"},{"dataType":"ValueEntry","value":"{\"_name\":\"isHarWithCoverage\",\"_value\":false,\"_valueType\":\"boolean\",\"_hash\":\"7224a86bd9c5f83cb9a1a61584afcfb4\"}"},{"dataType":"ValueEntry","value":"{\"_name\":\"isOhosTest\",\"_value\":false,\"_valueType\":\"boolean\",\"_hash\":\"d82a43074b4d7726f9a69dbce1ae80d2\"}"},{"dataType":"ValueEntry","value":"{\"_name\":\"modulePathMap\",\"_value\":\"{\\\"entry\\\":\\\"D:\\\\\\\\MyApplication\\\\\\\\entry\\\"}\",\"_valueType\":\"string\",\"_hash\":\"99d9e52731a695d017da9941d2c1937a\"}"},{"dataType":"ValueEntry","value":"{\"_name\":\"module_dependencies\",\"_value\":\"{}\",\"_valueType\":\"string\",\"_hash\":\"974757f304b5bfd1c1454ea7a38cd0d5\"}"},{"dataType":"ValueEntry","value":"{\"_name\":\"needSubmitArkTsWidget\",\"_value\":false,\"_valueType\":\"boolean\",\"_hash\":\"dc1ab65720a503a3d9098eab280b7116\"}"},{"dataType":"ValueEntry","value":"{\"_name\":\"nodeModulesPath\",\"_value\":\"D:\\\\MyApplication\\\\entry\\\\.preview\\\\default\\\\intermediates\\\\loader_out\\\\default\\\\node_modules\",\"_valueType\":\"string\",\"_hash\":\"07e87579bd915f5006606afff5a5081e\"}"},{"dataType":"ValueEntry","value":"{\"_name\":\"overrides\",\"_valueType\":\"undefined\",\"_hash\":\"0e8f66f8eb79c6f33fb153c3fc3942f4\"}"},{"dataType":"ValueEntry","value":"{\"_name\":\"patchConfig\",\"_valueType\":\"undefined\",\"_hash\":\"4620e35a57f3f6f55564cea6f6128e50\"}"},{"dataType":"ValueEntry","value":"{\"_name\":\"projectRootPath\",\"_value\":\"D:\\\\MyApplication\",\"_valueType\":\"string\",\"_hash\":\"9e5d00b74a2a9dbd2c8b2a0e1321a5a3\"}"},{"dataType":"ValueEntry","value":"{\"_name\":\"project_dependencies\",\"_value\":\"{}\",\"_valueType\":\"string\",\"_hash\":\"e15496bf1de2273597f444f07f1ca6d5\"}"},{"dataType":"ValueEntry","value":"{\"_name\":\"shouldTreatHarAsHap\",\"_value\":false,\"_valueType\":\"boolean\",\"_hash\":\"24c9a48f68bd9cc73238825ca10c9629\"}"},{"dataType":"ValueEntry","value":"{\"_name\":\"targetConfig\",\"_value\":\"{\\\"name\\\":\\\"default\\\"}\",\"_valueType\":\"string\",\"_hash\":\"44f0c01d44e2bbf4013c5bb1f232e1fe\"}"},{"dataType":"ValueEntry","value":"{\"_name\":\"useNormalizedOHMUrl\",\"_value\":true,\"_valueType\":\"boolean\",\"_hash\":\"05eabcf12e6fe230e579e0fd37679db6\"}"}],"_successful":true,"_projectName":"MyApplication","_moduleName":"entry","_taskName":"default@GenerateLoaderJson","_key":":MyApplication:entry:default@GenerateLoaderJson","_executionId":":MyApplication:entry:default@GenerateLoaderJson:1759667195018","_inputFiles":{"dataType":"Map","value":[["D:\\MyApplication\\entry\\src\\mock\\mock-config.json5",{"fileSnapShotHashValue":"3234c43464a033dcbea9b3ca48e28c44"}],["D:\\MyApplication\\entry\\.preview\\default\\intermediates\\loader\\default\\pkgContextInfo.json",{"fileSnapShotHashValue":"cd7c34a9a26b0002afa9f6e9affc3233"}],["D:\\MyApplication\\entry\\.preview\\default\\intermediates\\router_map\\default\\temp-router-map.json",{"fileSnapShotHashValue":"b48bcb981eb44b04a78da1afa6ac19c0"}]]},"_outputFiles":{"dataType":"Map","value":[["D:\\MyApplication\\entry\\.preview\\default\\intermediates\\loader\\default\\loader.json",{"isDirectory":false,"fileSnapShotHashValue":"28e5e30b4489227e96bbb29f6c587b49"}]]}},":MyApplication:entry:default@PreviewCompileResource":{"_inputs":[{"dataType":"ValueEntry","value":"{\"_name\":\"PREVIEWER_REPLACE_PAGE\",\"_value\":\"\\\"View/TodoItem\\\"\",\"_valueType\":\"string\"}"},{"dataType":"ValueEntry","value":"{\"_name\":\"PREVIEWER_REPLACE_SRCPATH\",\"_valueType\":\"undefined\"}"},{"dataType":"ValueEntry","value":"{\"_name\":\"TARGET_CONFIG\",\"_value\":\"{\\\"name\\\":\\\"default\\\"}\",\"_valueType\":\"string\"}"},{"dataType":"ValueEntry","value":"{\"_name\":\"BUILTIN_TASK_COMMAND\",\"_value\":\"\",\"_valueType\":\"string\"}"},{"dataType":"ValueEntry","value":"{\"_name\":\"BUILTIN_TASK_TOOLCHAIN\",\"_value\":\"F:\\\\devecostudio-windows-6.0.0.858\\\\DevEco Studio\\\\sdk\\\\default\\\\openharmony\\\\toolchains\\\\restool.exe\",\"_valueType\":\"string\"}"},{"dataType":"ValueEntry","value":"{\"_name\":\"BUILTIN_TASK_ENV\",\"_value\":\"\",\"_valueType\":\"string\"}"}],"_successful":true,"_projectName":"MyApplication","_moduleName":"entry","_taskName":"default@PreviewCompileResource","_key":":MyApplication:entry:default@PreviewCompileResource","_executionId":":MyApplication:entry:default@PreviewCompileResource:1761211756840","_inputFiles":{"dataType":"Map","value":[["D:\\MyApplication\\entry\\src\\main\\resources",{"fileSnapShotHashValue":"bc358117e5fd625e5a0cef4a82f40c57"}],["D:\\MyApplication\\entry\\.preview\\default\\intermediates\\merge_profile\\default\\module.json",{"fileSnapShotHashValue":"f748b6967ee3f853cc8e1dcbcf19fb83"}]]},"_outputFiles":{"dataType":"Map","value":[["D:\\MyApplication\\entry\\.preview\\default\\intermediates\\res\\default",{"isDirectory":true,"fileSnapShotHashValue":"d9772118fff28a3b2f046b07323e6d94"}],["D:\\MyApplication\\entry\\.preview\\default\\generated\\r\\default",{"isDirectory":true,"fileSnapShotHashValue":"598932dae91c8ab8d2b9201e2a17ce2b"}]]}},":MyApplication:entry:default@CopyPreviewProfile":{"_inputs":[{"dataType":"ValueEntry","value":"{\"_name\":\"BUILTIN_TASK_COMMAND\",\"_value\":\"\",\"_valueType\":\"string\"}"},{"dataType":"ValueEntry","value":"{\"_name\":\"BUILTIN_TASK_TOOLCHAIN\",\"_value\":\"\",\"_valueType\":\"string\"}"},{"dataType":"ValueEntry","value":"{\"_name\":\"BUILTIN_TASK_ENV\",\"_value\":\"\",\"_valueType\":\"string\"}"}],"_successful":true,"_projectName":"MyApplication","_moduleName":"entry","_taskName":"default@CopyPreviewProfile","_key":":MyApplication:entry:default@CopyPreviewProfile","_executionId":":MyApplication:entry:default@CopyPreviewProfile:1761211758796","_inputFiles":{"dataType":"Map","value":[["D:\\MyApplication\\entry\\src\\main\\resources\\base\\profile",{"fileSnapShotHashValue":"22aad7fcbcb836db6eb45fa38698c6d9"}]]},"_outputFiles":{"dataType":"Map","value":[["D:\\MyApplication\\entry\\.preview\\default\\intermediates\\res\\default\\resources\\base\\profile",{"fileSnapShotHashValue":"e75f0eb706d90fc2421a6b57ee60cb75"}]]}},":MyApplication:entry:default@PreviewUpdateAssets":{"_inputs":[{"dataType":"ValueEntry","value":"{\"_name\":\"previewBuildConfigJson\",\"_value\":\"{\\\"deviceType\\\":\\\"phone\\\",\\\"buildMode\\\":\\\"debug\\\",\\\"note\\\":\\\"false\\\",\\\"logLevel\\\":\\\"3\\\",\\\"isPreview\\\":\\\"true\\\",\\\"localPropertiesPath\\\":\\\"D:\\\\\\\\MyApplication\\\\\\\\local.properties\\\",\\\"Path\\\":\\\"F:\\\\\\\\devecostudio-windows-6.0.0.858\\\\\\\\DevEco Studio\\\\\\\\tools\\\\\\\\node\\\\\\\\\\\",\\\"aceProfilePath\\\":\\\"D:\\\\\\\\MyApplication\\\\\\\\entry\\\\\\\\.preview\\\\\\\\default\\\\\\\\intermediates\\\\\\\\res\\\\\\\\default\\\\\\\\resources\\\\\\\\base\\\\\\\\profile\\\",\\\"hapMode\\\":\\\"false\\\",\\\"img2bin\\\":\\\"true\\\",\\\"projectProfilePath\\\":\\\"D:\\\\\\\\MyApplication\\\\\\\\build-profile.json5\\\",\\\"watchMode\\\":\\\"true\\\",\\\"appResource\\\":\\\"D:\\\\\\\\MyApplication\\\\\\\\entry\\\\\\\\.preview\\\\\\\\default\\\\\\\\intermediates\\\\\\\\res\\\\\\\\default\\\\\\\\ResourceTable.txt\\\",\\\"aceBuildJson\\\":\\\"D:\\\\\\\\MyApplication\\\\\\\\entry\\\\\\\\.preview\\\\\\\\default\\\\\\\\intermediates\\\\\\\\loader\\\\\\\\default\\\\\\\\loader.json\\\",\\\"aceModuleRoot\\\":\\\"D:\\\\\\\\MyApplication\\\\\\\\entry\\\\\\\\src\\\\\\\\main\\\\\\\\ets\\\",\\\"aceSoPath\\\":\\\"D:\\\\\\\\MyApplication\\\\\\\\entry\\\\\\\\.preview\\\\\\\\cache\\\\\\\\nativeDependencies.txt\\\",\\\"cachePath\\\":\\\"D:\\\\\\\\MyApplication\\\\\\\\entry\\\\\\\\.preview\\\\\\\\cache\\\\\\\\.default\\\",\\\"aceModuleBuild\\\":\\\"D:\\\\\\\\MyApplication\\\\\\\\entry\\\\\\\\.preview\\\\\\\\default\\\\\\\\intermediates\\\\\\\\assets\\\\\\\\default\\\\\\\\ets\\\",\\\"aceModuleJsonPath\\\":\\\"D:\\\\\\\\MyApplication\\\\\\\\entry\\\\\\\\.preview\\\\\\\\default\\\\\\\\intermediates\\\\\\\\res\\\\\\\\default\\\\\\\\module.json\\\",\\\"stageRouterConfig\\\":{\\\"paths\\\":[\\\"D:\\\\\\\\MyApplication\\\\\\\\entry\\\\\\\\.preview\\\\\\\\default\\\\\\\\intermediates\\\\\\\\res\\\\\\\\default\\\\\\\\module.json\\\",\\\"D:\\\\\\\\MyApplication\\\\\\\\entry\\\\\\\\.preview\\\\\\\\default\\\\\\\\intermediates\\\\\\\\res\\\\\\\\default\\\\\\\\resources\\\\\\\\base\\\\\\\\profile\\\\\\\\main_pages.json\\\"],\\\"contents\\\":[\\\"{\\\\\\\"module\\\\\\\":{\\\\\\\"pages\\\\\\\":\\\\\\\"$profile:main_pages\\\\\\\",\\\\\\\"name\\\\\\\":\\\\\\\"entry\\\\\\\"}}\\\",\\\"{\\\\\\\"src\\\\\\\":[\\\\\\\"View/TodoItem\\\\\\\"]}\\\"]}}\",\"_valueType\":\"string\"}"},{"dataType":"ValueEntry","value":"{\"_name\":\"BUILTIN_TASK_COMMAND\",\"_value\":\"\",\"_valueType\":\"string\"}"},{"dataType":"ValueEntry","value":"{\"_name\":\"BUILTIN_TASK_TOOLCHAIN\",\"_value\":\"\",\"_valueType\":\"string\"}"},{"dataType":"ValueEntry","value":"{\"_name\":\"BUILTIN_TASK_ENV\",\"_value\":\"\",\"_valueType\":\"string\"}"}],"_successful":true,"_projectName":"MyApplication","_moduleName":"entry","_taskName":"default@PreviewUpdateAssets","_key":":MyApplication:entry:default@PreviewUpdateAssets","_executionId":":MyApplication:entry:default@PreviewUpdateAssets:1761211758809","_inputFiles":{"dataType":"Map","value":[]},"_outputFiles":{"dataType":"Map","value":[["D:\\MyApplication\\entry\\.preview\\default\\intermediates\\res\\default\\module.json",{"isDirectory":false,"fileSnapShotHashValue":"09af1a63bdf6fbbfb29ef707255fe4a2"}],["D:\\MyApplication\\entry\\.preview\\default\\intermediates\\res\\default\\resources\\base\\profile\\main_pages.json",{"isDirectory":false,"fileSnapShotHashValue":"8451c80bee474f5df7891f77edbd53e0"}]]}},":MyApplication:entry:default@PreviewArkTS":{"_inputs":[{"dataType":"ValueEntry","value":"{\"_name\":\"debuggable\",\"_value\":true,\"_valueType\":\"boolean\"}"},{"dataType":"ValueEntry","value":"{\"_name\":\"isArk\",\"_value\":true,\"_valueType\":\"boolean\"}"},{"dataType":"ValueEntry","value":"{\"_name\":\"needCoverageInsert\",\"_value\":false,\"_valueType\":\"boolean\"}"},{"dataType":"ValueEntry","value":"{\"_name\":\"ark.tsImportSendable\",\"_value\":false,\"_valueType\":\"boolean\"}"},{"dataType":"ValueEntry","value":"{\"_name\":\"customTypes\",\"_value\":[],\"_valueType\":\"object\"}"},{"dataType":"ValueEntry","value":"{\"_name\":\"isByteCodeHarOptimize\",\"_value\":false,\"_valueType\":\"boolean\"}"},{"dataType":"ValueEntry","value":"{\"_name\":\"caseSensitiveCheck\",\"_value\":true,\"_valueType\":\"boolean\"}"},{"dataType":"ValueEntry","value":"{\"_name\":\"useNormalizedOHMUrl\",\"_value\":true,\"_valueType\":\"boolean\"}"},{"dataType":"ValueEntry","value":"{\"_name\":\"transformLib\",\"_value\":\"\",\"_valueType\":\"string\"}"},{"dataType":"ValueEntry","value":"{\"_name\":\"compatibleSdkVersionStage\",\"_value\":\"\",\"_valueType\":\"string\"}"},{"dataType":"ValueEntry","value":"{\"_name\":\"skipOhModulesLint\",\"_value\":false,\"_valueType\":\"boolean\"}"},{"dataType":"ValueEntry","value":"{\"_name\":\"autoLazyImport\",\"_value\":false,\"_valueType\":\"boolean\"}"},{"dataType":"ValueEntry","value":"{\"_name\":\"allowEmptyBundleName\",\"_value\":false,\"_valueType\":\"boolean\"}"},{"dataType":"ValueEntry","value":"{\"_name\":\"reExportCheckMode\",\"_value\":\"noCheck\",\"_valueType\":\"string\"}"},{"dataType":"ValueEntry","value":"{\"_name\":\"executionMode\",\"_value\":\"memory\",\"_valueType\":\"string\"}"},{"dataType":"ValueEntry","value":"{\"_name\":\"usePathPlaceholder\",\"_value\":false,\"_valueType\":\"boolean\"}"},{"dataType":"ValueEntry","value":"{\"_name\":\"writeRollupCache\",\"_value\":true,\"_valueType\":\"boolean\"}"},{"dataType":"ValueEntry","value":"{\"_name\":\"isExpandImportEnabled\",\"_value\":false,\"_valueType\":\"boolean\"}"},{"dataType":"ValueEntry","value":"{\"_name\":\"expandImportExclude\",\"_value\":\"\",\"_valueType\":\"string\"}"},{"dataType":"ValueEntry","value":"{\"_name\":\"ignoreCrossplatformCheck\",\"_value\":false,\"_valueType\":\"boolean\"}"},{"dataType":"ValueEntry","value":"{\"_name\":\"isPreloadSoEnabled\",\"_value\":false,\"_valueType\":\"boolean\"}"},{"dataType":"ValueEntry","value":"{\"_name\":\"arkTsWdiget\",\"_value\":false,\"_valueType\":\"boolean\"}"},{"dataType":"ValueEntry","value":"{\"_name\":\"OBFUSCATION_ENABLE\",\"_value\":\"undefined\",\"_valueType\":\"string\"}"},{"dataType":"ValueEntry","value":"{\"_name\":\"OBFUSCATION_FILES_HASH\",\"_value\":\"\",\"_valueType\":\"string\"}"},{"dataType":"ValueEntry","value":"{\"_name\":\"maxFlowDepth\",\"_value\":\"undefined\",\"_valueType\":\"string\"}"},{"dataType":"ValueEntry","value":"{\"_name\":\"noExternalImportByPath\",\"_value\":true,\"_valueType\":\"boolean\"}"},{"dataType":"ValueEntry","value":"{\"_name\":\"copyCodeResourceEnable\",\"_value\":false,\"_valueType\":\"boolean\"}"},{"dataType":"ValueEntry","value":"{\"_name\":\"ohos.uiTransform.Optimization\",\"_value\":false,\"_valueType\":\"boolean\"}"},{"dataType":"ValueEntry","value":"{\"_name\":\"ohos.rollupCache.useSourceHash\",\"_value\":false,\"_valueType\":\"boolean\"}"},{"dataType":"ValueEntry","value":"{\"_name\":\"localModuleParamMap\",\"_value\":\"{}\",\"_valueType\":\"string\"}"},{"dataType":"ValueEntry","value":"{\"_name\":\"BUILTIN_TASK_COMMAND\",\"_value\":\"\",\"_valueType\":\"string\"}"},{"dataType":"ValueEntry","value":"{\"_name\":\"BUILTIN_TASK_TOOLCHAIN\",\"_value\":\"\",\"_valueType\":\"string\"}"},{"dataType":"ValueEntry","value":"{\"_name\":\"BUILTIN_TASK_ENV\",\"_value\":\"\",\"_valueType\":\"string\"}"}],"_successful":true,"_projectName":"MyApplication","_moduleName":"entry","_taskName":"default@PreviewArkTS","_key":":MyApplication:entry:default@PreviewArkTS","_executionId":":MyApplication:entry:default@PreviewArkTS:1761211758820","_inputFiles":{"dataType":"Map","value":[["D:\\MyApplication\\entry\\.preview\\default\\intermediates\\loader\\default",{"isDirectory":true,"fileSnapShotHashValue":"4e64fa7c6b2360d756cbf1e0980e44da"}],["D:\\MyApplication\\entry\\.preview\\default\\intermediates\\res\\default\\ResourceTable.txt",{"fileSnapShotHashValue":"94bf89f75b508a21cf88dda106505d16"}],["D:\\MyApplication\\entry\\.preview\\default\\intermediates\\process_profile\\default\\module.json",{"fileSnapShotHashValue":"f72008652a78e06bc4ab1b333ed1e708"}],["D:\\MyApplication\\entry\\.preview\\default\\intermediates\\res\\default\\resources\\base\\profile",{"isDirectory":true,"fileSnapShotHashValue":"e75f0eb706d90fc2421a6b57ee60cb75"}],["D:\\MyApplication\\entry\\src\\main\\ets",{"isDirectory":true,"fileSnapShotHashValue":"f9720c9628af6192c77ad61314ab02f3"}],["D:\\MyApplication\\entry\\.preview\\default\\intermediates\\loader\\default\\pkgContextInfo.json",{"fileSnapShotHashValue":"cd7c34a9a26b0002afa9f6e9affc3233"}],["D:\\MyApplication\\entry\\.preview\\default\\generated\\profile\\default\\BuildProfile.ets",{"fileSnapShotHashValue":"ea54dc438ed65d3f0bd8020a79509e10"}],["D:\\MyApplication\\entry\\src\\mock\\mock-config.json5",{"isDirectory":false,"fileSnapShotHashValue":"3234c43464a033dcbea9b3ca48e28c44"}]]},"_outputFiles":{"dataType":"Map","value":[["D:\\MyApplication\\entry\\.preview\\default\\intermediates\\loader_out\\default\\ets",{"isDirectory":true,"fileSnapShotHashValue":""}]]}}}