{"CACHE_SYNC_FILE_HASH":{"D:\\MyApplication\\hvigor\\hvigor-config.json5":"5a4c571fecee7b1ea4b0e4c7e65622124a1a2ba97f780158074a66de60d4c802","D:\\MyApplication\\build-profile.json5":"8d2adb1eba7a076362bb77edbfd1dc29304c8dca73154636cb5d12093ddae75b","D:\\MyApplication\\hvigorfile.ts":"9f261caac8874b8d6356653f77762eeef696f845a6c3b51fe3c7f7ff28ec6664","D:\\MyApplication\\oh-package.json5":"7109d039d9454eedaf7147c5d9266950701f30729225866a7891fb56909247ef","D:\\MyApplication\\entry\\build-profile.json5":"adc44d5d0364be9a3098d6078bff822fa971654a3c8d364ca04e1225c259b440","D:\\MyApplication\\entry\\hvigorfile.ts":"556c47e861ba39cdc55063cdc9632a1bb96bee11e363386586d4e3d7eecc615c","D:\\MyApplication\\entry\\oh-package.json5":"f1bf1dbd910e06ad0bd142a0973c5d50a9834db10bfe7f2bd159c5a78aa016d7","D:\\MyApplication\\.hvigor\\outputs\\sync\\output.json":"5c8ee5ab90a4f9d79f5183fdb688c4d8b4a468cf2ce00222f03ee0f9cd9031d6","SDK_LOCATION":"F:/devecostudio-windows-6.0.0.858/DevEco Studio/sdk"},"OHPM_INSTALL_FILE_HASH":{"D:\\MyApplication\\oh-package.json5":"7109d039d9454eedaf7147c5d9266950701f30729225866a7891fb56909247ef","D:\\MyApplication\\oh_modules\\.ohpm\\lock.json5":"c117adf2a09967dbdfda4146a586ed77414e07153157b0b2789a4287e5b19c90","D:\\MyApplication\\entry\\oh-package.json5":"f1bf1dbd910e06ad0bd142a0973c5d50a9834db10bfe7f2bd159c5a78aa016d7","D:\\MyApplication\\oh_modules":true,"D:\\MyApplication\\entry\\oh_modules":false}}